CODNEG,PRE-ABE,PRE-ULT,PRE-OFV,PREMED,VOLT-TOT,DATA_PREGAO
ABEV3,10.8,10.86,10.87,10.85,262859638000,2025-02-06 00:00:00
ABEV3,10.83,10.92,10.93,10.92,430585507000,2025-02-12 00:00:00
ABEV3,10.84,11.09,11.09,10.98,564779770000,2025-01-17 00:00:00
ABEV3,10.86,10.85,10.86,10.85,363679836000,2025-02-07 00:00:00
ABEV3,10.87,10.98,10.98,10.93,230541127000,2025-02-13 00:00:00
ABEV3,10.87,11.12,11.12,11.02,384676934000,2025-01-27 00:00:00
ABEV3,10.93,11.04,11.04,11.01,268747350000,2025-02-20 00:00:00
ABEV3,10.94,10.82,10.82,10.77,481335401000,2025-02-05 00:00:00
ABEV3,10.94,10.97,11,11.07,559736255000,2025-02-10 00:00:00
ABEV3,10.99,11.11,11.13,11.06,247220192000,2025-01-30 00:00:00
ABEV3,10.99,11.25,11.26,11.18,294149364000,2025-01-21 00:00:00
ABEV3,11,10.9,10.9,10.88,251856506000,2025-02-04 00:00:00
ABEV3,11,10.97,10.99,10.97,184925104000,2025-02-19 00:00:00
ABEV3,11.02,11.05,11.09,11.04,394515462000,2025-01-23 00:00:00
ABEV3,11.02,11.12,11.13,11.1,380403280000,2025-02-21 00:00:00
ABEV3,11.03,10.96,10.97,10.93,391348309000,2025-02-11 00:00:00
ABEV3,11.03,11.09,11.09,11.08,269975304000,2025-02-25 00:00:00
ABEV3,11.05,10.87,10.9,10.94,487103805000,2025-01-24 00:00:00
ABEV3,11.05,11.05,11.06,11.03,246039129000,2025-01-20 00:00:00
ABEV3,11.05,11.11,11.11,11.1,433360245000,2025-01-28 00:00:00
ABEV3,11.05,11.13,11.13,11.11,378807500000,2025-02-14 00:00:00
ABEV3,11.14,11.09,11.09,11.09,208391482000,2025-02-18 00:00:00
ABEV3,11.14,11.1,11.14,11.15,300656340000,2025-01-31 00:00:00
ABEV3,11.15,11.03,11.03,11.04,326009728000,2025-02-03 00:00:00
ABEV3,11.17,11.03,11.03,11.03,319584150000,2025-02-24 00:00:00
ABEV3,11.17,11.1,11.18,11.15,106650693000,2025-02-17 00:00:00
ABEV3,11.18,10.97,10.98,10.99,288010370000,2025-01-29 00:00:00
ABEV3,11.18,11.02,11.03,11.02,496021425000,2025-01-22 00:00:00
ABEV3,11.18,11.24,11.24,11.2,324234369000,2025-01-13 00:00:00
ABEV3,11.21,11.21,11.21,11.2,477729506000,2025-01-14 00:00:00
ABEV3,11.3,11.39,11.39,11.29,512413825000,2025-01-15 00:00:00
ABEV3,11.3,11.54,11.55,11.45,399809164000,2025-01-07 00:00:00
ABEV3,11.36,11.29,11.3,11.29,574654503000,2025-01-06 00:00:00
ABEV3,11.4,11.16,11.24,11.2,350434263000,2025-01-10 00:00:00
ABEV3,11.42,11.08,11.09,11.13,326112534000,2025-01-16 00:00:00
ABEV3,11.43,11.4,11.41,11.39,278738950000,2025-01-09 00:00:00
ABEV3,11.48,11.42,11.43,11.39,447394322000,2025-01-08 00:00:00
ABEV3,11.49,11.33,11.34,11.36,470029140000,2025-01-03 00:00:00
ABEV3,11.67,12.32,12.33,12.26,811625962000,2025-02-27 00:00:00
ABEV3,11.72,11.6,11.6,11.62,388339414000,2025-01-02 00:00:00
ABEV3,11.73,11.7,11.72,11.66,928946282000,2025-02-26 00:00:00
ABEV3,12.31,12.22,12.22,12.23,976268775000,2025-02-28 00:00:00
ABEV3,12.5,12.78,12.79,12.68,686318911000,2025-03-05 00:00:00
ABEV3,12.77,12.85,12.85,12.83,520012907000,2025-03-06 00:00:00
ABEV3,12.78,13.1,13.1,12.96,391551217000,2025-03-07 00:00:00
ABEV3,12.9,13.03,13.03,13,496961351000,2025-03-12 00:00:00
ABEV3,13,13.12,13.13,13.16,364781687000,2025-03-10 00:00:00
ABEV3,13.08,12.86,12.87,12.87,420539287000,2025-03-11 00:00:00
ABEV3,13.08,13.33,13.33,13.2,466320816000,2025-03-13 00:00:00
ABEV3,13.16,13.24,13.25,13.27,528466199000,2025-04-08 00:00:00
ABEV3,13.19,13.67,13.67,13.6,706349043000,2025-04-09 00:00:00
ABEV3,13.29,13.18,13.24,13.23,662415795000,2025-04-07 00:00:00
ABEV3,13.32,13.5,13.52,13.56,562485900000,2025-03-31 00:00:00
ABEV3,13.36,13.43,13.44,13.34,504112993000,2025-03-28 00:00:00
ABEV3,13.38,13.64,13.64,13.51,564299924000,2025-03-14 00:00:00
ABEV3,13.4,13.46,13.46,13.4,277256440000,2025-03-27 00:00:00
ABEV3,13.4,13.61,13.61,13.54,424264543000,2025-04-01 00:00:00
ABEV3,13.44,13.57,13.57,13.56,674040504000,2025-03-17 00:00:00
ABEV3,13.49,13.6,13.61,13.53,280037362000,2025-03-25 00:00:00
ABEV3,13.5,13.55,13.55,13.47,422054334000,2025-03-18 00:00:00
ABEV3,13.53,13.38,13.4,13.34,387376217000,2025-03-26 00:00:00
ABEV3,13.55,13.68,13.68,13.65,485712894000,2025-03-19 00:00:00
ABEV3,13.59,13.89,13.9,13.89,840489828000,2025-04-16 00:00:00
ABEV3,13.6,13.67,13.68,13.59,486667535000,2025-04-02 00:00:00
ABEV3,13.63,13.73,13.73,13.7,396102679000,2025-03-21 00:00:00
ABEV3,13.64,13.85,13.91,13.91,624942910000,2025-04-03 00:00:00
ABEV3,13.65,13.68,13.71,13.66,320969039000,2025-04-14 00:00:00
ABEV3,13.67,13.6,13.62,13.6,295867225000,2025-04-10 00:00:00
ABEV3,13.68,13.6,13.61,13.56,253234480000,2025-03-20 00:00:00
ABEV3,13.68,13.66,13.68,13.73,312601734000,2025-04-15 00:00:00
ABEV3,13.73,13.48,13.5,13.51,481466160000,2025-04-11 00:00:00
ABEV3,13.73,13.71,13.71,13.8,821955647000,2025-04-04 00:00:00
ABEV3,13.76,13.54,13.55,13.56,286507702000,2025-03-24 00:00:00
ABEV3,13.85,14.02,14.08,14.04,393642088000,2025-04-22 00:00:00
ABEV3,13.9,14,14,13.97,783664051000,2025-04-17 00:00:00
ABEV3,14.07,14.09,14.09,14.08,340054480000,2025-04-25 00:00:00
ABEV3,14.08,14.15,14.15,14.08,537342325000,2025-04-24 00:00:00
ABEV3,14.11,14.3,14.3,14.21,402717076000,2025-04-28 00:00:00
ABEV3,14.16,14.05,14.06,14.13,504695842000,2025-04-23 00:00:00
ABEV3,14.22,14.51,14.51,14.47,862751957000,2025-04-29 00:00:00
ABEV3,14.45,14.57,14.6,14.61,686667105000,2025-04-30 00:00:00
BEEF3,4.29,4.5,4.5,4.43,32253389000,2025-02-27 00:00:00
BEEF3,4.32,4.52,4.53,4.44,36459827000,2025-02-14 00:00:00
BEEF3,4.37,4.29,4.29,4.33,25398657000,2025-02-26 00:00:00
BEEF3,4.37,4.35,4.35,4.38,24571272000,2025-02-25 00:00:00
BEEF3,4.39,4.29,4.3,4.32,28115974000,2025-02-13 00:00:00
BEEF3,4.4,4.62,4.62,4.57,27474971000,2025-03-05 00:00:00
BEEF3,4.45,4.48,4.5,4.5,26050113000,2025-02-10 00:00:00
BEEF3,4.45,4.88,4.88,4.73,65565950000,2025-01-27 00:00:00
BEEF3,4.46,4.56,4.57,4.53,15765383000,2025-02-11 00:00:00
BEEF3,4.48,4.42,4.44,4.45,50535326000,2025-02-28 00:00:00
BEEF3,4.48,4.44,4.45,4.49,38714270000,2025-01-24 00:00:00
BEEF3,4.52,4.66,4.66,4.68,40253170000,2025-02-17 00:00:00
BEEF3,4.54,4.55,4.55,4.53,32291781000,2025-02-21 00:00:00
BEEF3,4.55,4.37,4.37,4.41,33907530000,2025-02-12 00:00:00
BEEF3,4.57,4.76,4.77,4.72,30761860000,2025-03-06 00:00:00
BEEF3,4.58,4.37,4.38,4.44,27848434000,2025-02-24 00:00:00
BEEF3,4.59,4.54,4.56,4.57,26706586000,2025-02-20 00:00:00
BEEF3,4.59,4.66,4.69,4.64,23757172000,2025-02-06 00:00:00
BEEF3,4.64,4.44,4.45,4.5,38482896000,2025-02-07 00:00:00
BEEF3,4.65,4.79,4.79,4.78,41084129000,2025-02-18 00:00:00
BEEF3,4.7,4.59,4.6,4.61,26377054000,2025-02-05 00:00:00
BEEF3,4.7,4.9,4.9,4.83,27243454000,2025-03-12 00:00:00
BEEF3,4.71,4.79,4.79,4.8,36330113000,2025-03-07 00:00:00
BEEF3,4.75,4.79,4.79,4.79,25528208000,2025-03-10 00:00:00
BEEF3,4.76,4.6,4.62,4.74,47779298000,2025-02-19 00:00:00
BEEF3,4.78,4.7,4.71,4.69,22937907000,2025-03-11 00:00:00
BEEF3,4.78,4.82,4.83,4.84,26165523000,2025-02-03 00:00:00
BEEF3,4.8,4.76,4.77,4.78,44528766000,2025-01-03 00:00:00
BEEF3,4.81,4.48,4.49,4.65,93219275000,2025-01-23 00:00:00
BEEF3,4.81,4.68,4.68,4.73,23337098000,2025-02-04 00:00:00
BEEF3,4.81,4.81,4.83,4.79,40404937000,2025-01-14 00:00:00
BEEF3,4.82,4.96,4.97,4.9,44379726000,2025-01-06 00:00:00
BEEF3,4.84,5.12,5.13,5.02,51135869000,2025-01-09 00:00:00
BEEF3,4.85,4.94,4.97,4.93,30782440000,2025-01-30 00:00:00
BEEF3,4.86,4.81,4.81,4.82,21132582000,2025-01-29 00:00:00
BEEF3,4.86,4.97,4.97,4.88,35854436000,2025-01-15 00:00:00
BEEF3,4.86,5.02,5.02,5.01,48770856000,2025-01-17 00:00:00
BEEF3,4.87,4.82,4.82,4.85,24704829000,2025-01-28 00:00:00
BEEF3,4.91,5.08,5.1,5.01,34701022000,2025-03-13 00:00:00
BEEF3,4.94,4.84,4.84,4.82,37906639000,2025-01-08 00:00:00
BEEF3,4.96,4.84,4.85,4.82,37086371000,2025-01-16 00:00:00
BEEF3,4.96,4.84,4.85,4.88,26223253000,2025-01-31 00:00:00
BEEF3,4.97,4.94,4.94,4.89,45092294000,2025-01-07 00:00:00
BEEF3,4.97,4.97,4.97,4.91,33142895000,2025-01-21 00:00:00
BEEF3,4.99,4.8,4.81,4.8,70359488000,2025-01-22 00:00:00
BEEF3,5.02,4.81,4.82,4.89,48566823000,2025-01-13 00:00:00
BEEF3,5.07,4.98,4.99,4.99,19381453000,2025-01-20 00:00:00
BEEF3,5.07,5.37,5.38,5.25,41533349000,2025-03-14 00:00:00
BEEF3,5.1,4.8,4.8,4.89,70997617000,2025-01-02 00:00:00
BEEF3,5.12,5.08,5.09,5.12,47634630000,2025-01-10 00:00:00
BEEF3,5.3,5.49,5.49,5.49,43506444000,2025-03-18 00:00:00
BEEF3,5.38,5.35,5.35,5.3,31825000000,2025-03-17 00:00:00
BEEF3,5.5,5.59,5.59,5.54,79493603000,2025-03-19 00:00:00
BEEF3,5.65,5.91,5.91,5.87,137858348000,2025-04-30 00:00:00
BEEF3,5.7,6.06,6.06,6.07,176120120000,2025-03-20 00:00:00
BEEF3,5.79,6.07,6.1,6.1,79286688000,2025-03-27 00:00:00
BEEF3,5.8,5.98,5.99,5.99,43430314000,2025-03-25 00:00:00
BEEF3,5.95,5.81,5.83,5.85,44004271000,2025-03-24 00:00:00
BEEF3,6.03,5.93,5.95,5.96,67609810000,2025-03-21 00:00:00
BEEF3,6.06,5.79,5.8,5.84,51303772000,2025-03-26 00:00:00
BEEF3,6.09,6.21,6.23,6.18,49634909000,2025-03-28 00:00:00
BEEF3,6.15,6.32,6.33,6.26,48176297000,2025-03-31 00:00:00
BEEF3,6.18,6.76,6.76,6.66,170414157000,2025-04-09 00:00:00
BEEF3,6.21,6.25,6.26,6.21,164693335000,2025-04-08 00:00:00
BEEF3,6.32,6.44,6.47,6.4,52940588000,2025-04-07 00:00:00
BEEF3,6.34,6.51,6.51,6.54,93891515000,2025-04-01 00:00:00
BEEF3,6.37,6.47,6.47,6.54,93812455000,2025-04-04 00:00:00
BEEF3,6.51,6.58,6.59,6.59,48033937000,2025-04-02 00:00:00
BEEF3,6.52,6.46,6.47,6.51,70517970000,2025-04-03 00:00:00
BEEF3,6.72,6.8,6.8,6.82,135157272000,2025-04-10 00:00:00
BEEF3,6.77,6.9,6.91,6.83,69999755000,2025-04-15 00:00:00
BEEF3,6.81,7.2,7.22,7.15,138953239000,2025-04-16 00:00:00
BEEF3,6.82,6.97,6.98,6.97,98906146000,2025-04-11 00:00:00
BEEF3,6.87,6.77,6.77,6.7,163938673000,2025-04-14 00:00:00
BEEF3,7.24,7.41,7.42,7.45,122213180000,2025-04-17 00:00:00
BEEF3,7.43,7.68,7.69,7.69,81559189000,2025-04-22 00:00:00
BEEF3,7.5,7.83,7.83,7.74,230723529000,2025-04-25 00:00:00
BEEF3,7.53,7.27,7.27,7.33,225685580000,2025-04-29 00:00:00
BEEF3,7.72,7.48,7.48,7.41,230623929000,2025-04-28 00:00:00
BEEF3,7.77,7.92,7.93,7.97,110329267000,2025-04-23 00:00:00
BEEF3,8,7.5,7.5,7.79,200787884000,2025-04-24 00:00:00
CBAV3,3.62,3.96,4,3.8,47018540000,2025-04-09 00:00:00
CBAV3,3.87,3.93,3.94,3.91,22205894000,2025-04-17 00:00:00
CBAV3,3.88,3.61,3.63,3.77,51044136000,2025-04-08 00:00:00
CBAV3,3.91,3.94,3.96,3.94,16585286000,2025-04-22 00:00:00
CBAV3,4,3.86,3.87,3.92,22543031000,2025-04-16 00:00:00
CBAV3,4,3.93,3.93,4,47736418000,2025-04-10 00:00:00
CBAV3,4.01,4.08,4.13,4.08,30694048000,2025-04-11 00:00:00
CBAV3,4.04,3.93,3.95,3.95,25371940000,2025-04-30 00:00:00
CBAV3,4.04,4.01,4.01,4.03,17349043000,2025-04-15 00:00:00
CBAV3,4.05,4.06,4.07,4.12,38077211000,2025-04-23 00:00:00
CBAV3,4.06,4.24,4.26,4.2,23859738000,2025-04-24 00:00:00
CBAV3,4.1,3.84,3.84,3.89,54547593000,2025-04-07 00:00:00
CBAV3,4.12,4.08,4.09,4.09,23419315000,2025-04-29 00:00:00
CBAV3,4.13,4.08,4.08,4.1,24173863000,2025-04-28 00:00:00
CBAV3,4.14,4.02,4.02,4.06,21722253000,2025-04-14 00:00:00
CBAV3,4.17,4.14,4.15,4.15,11739657000,2025-04-25 00:00:00
CBAV3,4.5,4.11,4.12,4.19,52353271000,2025-04-04 00:00:00
CBAV3,4.51,4.66,4.66,4.64,28223755000,2025-01-03 00:00:00
CBAV3,4.56,4.68,4.69,4.64,21704797000,2025-01-07 00:00:00
CBAV3,4.64,4.52,4.53,4.58,20239823000,2025-01-02 00:00:00
CBAV3,4.64,4.59,4.6,4.6,13091824000,2025-01-13 00:00:00
CBAV3,4.64,4.62,4.62,4.64,15887511000,2025-01-14 00:00:00
CBAV3,4.64,5.06,5.06,4.84,18628054000,2025-01-15 00:00:00
CBAV3,4.68,4.62,4.63,4.67,26566588000,2025-04-03 00:00:00
CBAV3,4.68,4.79,4.79,4.67,16796510000,2025-01-08 00:00:00
CBAV3,4.76,4.64,4.64,4.65,10596335000,2025-01-10 00:00:00
CBAV3,4.76,4.85,4.86,4.91,38707709000,2025-03-28 00:00:00
CBAV3,4.79,4.53,4.53,4.6,31874897000,2025-01-06 00:00:00
CBAV3,4.79,4.66,4.71,4.74,10590904000,2025-01-09 00:00:00
CBAV3,4.84,4.99,5,4.99,26170544000,2025-01-29 00:00:00
CBAV3,4.85,4.81,4.84,4.78,54731960000,2025-03-31 00:00:00
CBAV3,4.86,5.19,5.2,5.13,41089921000,2025-04-01 00:00:00
CBAV3,4.89,4.94,4.95,4.91,15664665000,2025-03-26 00:00:00
CBAV3,4.96,4.66,4.68,4.74,40213688000,2025-03-27 00:00:00
CBAV3,4.97,4.8,4.81,4.83,17512457000,2025-01-28 00:00:00
CBAV3,5,4.99,5.01,5,20843106000,2025-01-27 00:00:00
CBAV3,5,5.08,5.08,5.01,16398839000,2025-01-23 00:00:00
CBAV3,5.01,5.17,5.18,5.09,19263084000,2025-03-17 00:00:00
CBAV3,5.02,5.02,5.02,5,21351292000,2025-03-21 00:00:00
CBAV3,5.02,5.16,5.17,5.14,14215709000,2025-03-13 00:00:00
CBAV3,5.03,5.44,5.44,5.36,38158468000,2025-01-30 00:00:00
CBAV3,5.04,4.88,4.88,4.95,21349492000,2025-03-25 00:00:00
CBAV3,5.04,5.01,5.02,5.08,17458325000,2025-03-24 00:00:00
CBAV3,5.04,5.21,5.24,5.19,26721715000,2025-03-06 00:00:00
CBAV3,5.05,5.14,5.17,5.14,16116261000,2025-01-21 00:00:00
CBAV3,5.07,5.06,5.07,5.06,8916694000,2025-01-24 00:00:00
CBAV3,5.08,5.1,5.1,5.11,10963709000,2025-01-20 00:00:00
CBAV3,5.1,5,5.01,5.07,25003928000,2025-03-12 00:00:00
CBAV3,5.1,5.12,5.13,5.04,18940071000,2025-01-17 00:00:00
CBAV3,5.11,5,5.02,5.06,10871982000,2025-03-05 00:00:00
CBAV3,5.12,5.05,5.06,4.98,17208634000,2025-01-16 00:00:00
CBAV3,5.13,5.01,5.02,5.05,16274400000,2025-01-22 00:00:00
CBAV3,5.16,4.99,5,5.07,19016605000,2025-03-14 00:00:00
CBAV3,5.17,4.7,4.71,4.82,63927876000,2025-04-02 00:00:00
CBAV3,5.19,5.04,5.06,5.13,15840777000,2025-03-20 00:00:00
CBAV3,5.19,5.19,5.2,5.17,24987852000,2025-02-28 00:00:00
CBAV3,5.2,5.21,5.22,5.21,18560135000,2025-03-19 00:00:00
CBAV3,5.2,5.25,5.25,5.22,15183832000,2025-03-07 00:00:00
CBAV3,5.22,5.5,5.52,5.42,18366857000,2025-02-06 00:00:00
CBAV3,5.23,5.05,5.05,5,23405814000,2025-03-11 00:00:00
CBAV3,5.23,5.22,5.25,5.24,12765906000,2025-03-10 00:00:00
CBAV3,5.25,5.2,5.21,5.23,9935367000,2025-02-05 00:00:00
CBAV3,5.25,5.22,5.22,5.13,24943012000,2025-03-18 00:00:00
CBAV3,5.3,5.26,5.31,5.29,22773871000,2025-02-04 00:00:00
CBAV3,5.34,5.74,5.74,5.49,44055941000,2025-02-11 00:00:00
CBAV3,5.36,5.29,5.3,5.28,19342025000,2025-02-03 00:00:00
CBAV3,5.36,5.44,5.44,5.43,21990478000,2025-02-10 00:00:00
CBAV3,5.45,5.44,5.48,5.47,24176311000,2025-01-31 00:00:00
CBAV3,5.48,5.5,5.52,5.46,15080402000,2025-02-07 00:00:00
CBAV3,5.52,5.23,5.24,5.37,25780696000,2025-02-27 00:00:00
CBAV3,5.58,5.72,5.73,5.66,12017441000,2025-02-13 00:00:00
CBAV3,5.63,5.58,5.64,5.57,22314613000,2025-02-12 00:00:00
CBAV3,5.74,5.84,5.84,5.78,20626200000,2025-02-14 00:00:00
CBAV3,5.77,5.87,5.89,5.92,18425790000,2025-02-19 00:00:00
CBAV3,5.82,5.89,5.89,5.91,14736711000,2025-02-17 00:00:00
CBAV3,5.87,5.87,5.87,5.84,9799631000,2025-02-25 00:00:00
CBAV3,5.88,5.79,5.8,5.78,17264003000,2025-02-18 00:00:00
CBAV3,5.9,6.1,6.1,6.03,22788559000,2025-02-20 00:00:00
CBAV3,5.98,5.89,5.9,5.9,10995075000,2025-02-24 00:00:00
CBAV3,6,5.57,5.58,5.69,32792062000,2025-02-26 00:00:00
CBAV3,6.08,5.95,5.96,5.96,19682464000,2025-02-21 00:00:00
CMIN3,4.65,4.71,4.72,4.67,26137778000,2025-01-09 00:00:00
CMIN3,4.74,4.85,4.85,4.78,45892380000,2025-01-10 00:00:00
CMIN3,4.79,4.64,4.65,4.68,41515725000,2025-01-08 00:00:00
CMIN3,4.85,5.07,5.07,4.97,37378271000,2025-01-15 00:00:00
CMIN3,4.92,5.12,5.12,5.05,55731667000,2025-01-17 00:00:00
CMIN3,4.93,4.95,4.95,4.95,49781893000,2025-01-13 00:00:00
CMIN3,4.95,5.01,5.01,4.98,51578224000,2025-01-06 00:00:00
CMIN3,4.98,4.84,4.85,4.91,37084099000,2025-01-14 00:00:00
CMIN3,5,5.17,5.17,5.07,30869783000,2025-02-13 00:00:00
CMIN3,5.03,4.88,4.89,4.9,124147163000,2025-01-03 00:00:00
CMIN3,5.05,4.78,4.8,4.87,60684969000,2025-01-07 00:00:00
CMIN3,5.05,4.87,4.9,4.93,33350844000,2025-01-16 00:00:00
CMIN3,5.1,5.17,5.17,5.09,35601203000,2025-01-20 00:00:00
CMIN3,5.13,5.26,5.26,5.17,31955705000,2025-01-21 00:00:00
CMIN3,5.14,5.36,5.36,5.28,29821234000,2025-01-27 00:00:00
CMIN3,5.16,5.29,5.3,5.24,35163092000,2025-03-05 00:00:00
CMIN3,5.19,5.22,5.22,5.2,24804714000,2025-01-23 00:00:00
CMIN3,5.2,5.04,5.05,5.04,53836804000,2025-01-02 00:00:00
CMIN3,5.23,5.28,5.28,5.22,33670179000,2025-03-12 00:00:00
CMIN3,5.24,5.48,5.48,5.39,57363773000,2025-02-14 00:00:00
CMIN3,5.24,5.56,5.56,5.53,52111493000,2025-01-30 00:00:00
CMIN3,5.25,5.15,5.17,5.18,22669699000,2025-01-24 00:00:00
CMIN3,5.25,5.19,5.19,5.22,41699936000,2025-01-22 00:00:00
CMIN3,5.25,5.25,5.25,5.25,20579616000,2025-02-05 00:00:00
CMIN3,5.28,5.01,5.01,5.07,66751509000,2025-02-12 00:00:00
CMIN3,5.28,5.22,5.26,5.26,24621655000,2025-01-29 00:00:00
CMIN3,5.28,5.35,5.35,5.32,27470097000,2025-02-25 00:00:00
CMIN3,5.29,5.46,5.46,5.42,32365194000,2025-02-06 00:00:00
CMIN3,5.3,5.1,5.12,5.16,32862532000,2025-02-28 00:00:00
CMIN3,5.3,5.48,5.49,5.47,55987604000,2025-03-06 00:00:00
CMIN3,5.31,5.26,5.26,5.27,18676962000,2025-01-28 00:00:00
CMIN3,5.31,5.32,5.34,5.31,35581186000,2025-02-11 00:00:00
CMIN3,5.33,5.32,5.33,5.33,25419840000,2025-02-27 00:00:00
CMIN3,5.33,5.37,5.38,5.38,17611381000,2025-02-19 00:00:00
CMIN3,5.34,5.27,5.27,5.26,22456512000,2025-02-04 00:00:00
CMIN3,5.34,5.4,5.4,5.37,23047213000,2025-02-10 00:00:00
CMIN3,5.36,5.36,5.37,5.37,24873879000,2025-02-26 00:00:00
CMIN3,5.38,5.28,5.29,5.32,16851154000,2025-02-24 00:00:00
CMIN3,5.38,5.74,5.75,5.64,74561928000,2025-04-09 00:00:00
CMIN3,5.39,5.38,5.39,5.35,24318389000,2025-02-21 00:00:00
CMIN3,5.39,5.49,5.49,5.42,37154262000,2025-03-07 00:00:00
CMIN3,5.4,5.34,5.36,5.41,26957003000,2025-02-03 00:00:00
CMIN3,5.44,5.36,5.38,5.41,31693238000,2025-02-20 00:00:00
CMIN3,5.45,5.44,5.44,5.42,42757148000,2025-03-10 00:00:00
CMIN3,5.46,5.27,5.27,5.29,38820501000,2025-03-11 00:00:00
CMIN3,5.46,5.34,5.35,5.43,34599022000,2025-02-07 00:00:00
CMIN3,5.47,5.52,5.52,5.56,35645572000,2025-02-17 00:00:00
CMIN3,5.5,5.67,5.68,5.6,48983695000,2025-04-07 00:00:00
CMIN3,5.55,5.4,5.41,5.47,25174331000,2025-02-18 00:00:00
CMIN3,5.55,5.46,5.46,5.49,36811390000,2025-01-31 00:00:00
CMIN3,5.61,5.76,5.76,5.78,142778936000,2025-03-13 00:00:00
CMIN3,5.65,5.65,5.65,5.6,47445547000,2025-04-04 00:00:00
CMIN3,5.65,5.74,5.75,5.64,64582815000,2025-04-22 00:00:00
CMIN3,5.7,5.65,5.65,5.65,38692246000,2025-04-17 00:00:00
CMIN3,5.71,5.81,5.82,5.8,31315145000,2025-04-11 00:00:00
CMIN3,5.73,5.43,5.44,5.5,48151774000,2025-04-08 00:00:00
CMIN3,5.76,5.7,5.72,5.66,43892458000,2025-04-10 00:00:00
CMIN3,5.81,6.15,6.15,5.99,68796034000,2025-03-14 00:00:00
CMIN3,5.87,5.84,5.85,5.86,40468660000,2025-04-03 00:00:00
CMIN3,5.87,6.08,6.08,6,41134792000,2025-04-14 00:00:00
CMIN3,5.9,6.07,6.07,6.06,62623206000,2025-04-23 00:00:00
CMIN3,5.91,5.72,5.72,5.77,56626370000,2025-04-16 00:00:00
CMIN3,6.05,5.95,5.95,5.95,31865572000,2025-04-15 00:00:00
CMIN3,6.1,6.14,6.14,6.12,40354031000,2025-04-30 00:00:00
CMIN3,6.11,5.96,5.97,5.94,50288693000,2025-04-02 00:00:00
CMIN3,6.12,6.34,6.35,6.28,50721280000,2025-04-24 00:00:00
CMIN3,6.15,6.29,6.29,6.23,45933882000,2025-03-17 00:00:00
CMIN3,6.17,6.17,6.17,6.16,34491258000,2025-04-29 00:00:00
CMIN3,6.17,6.4,6.41,6.36,52104745000,2025-03-19 00:00:00
CMIN3,6.2,6.11,6.12,6.15,43449101000,2025-04-01 00:00:00
CMIN3,6.2,6.16,6.16,6.11,28631196000,2025-04-28 00:00:00
CMIN3,6.2,6.19,6.19,6.18,45384950000,2025-03-31 00:00:00
CMIN3,6.25,6.3,6.3,6.23,32401911000,2025-03-28 00:00:00
CMIN3,6.27,6.25,6.25,6.18,40019643000,2025-03-18 00:00:00
CMIN3,6.28,6.18,6.18,6.18,36690568000,2025-04-25 00:00:00
CMIN3,6.34,6.41,6.42,6.41,42058171000,2025-03-20 00:00:00
CMIN3,6.35,6.4,6.4,6.35,32600538000,2025-03-26 00:00:00
CMIN3,6.37,6.38,6.38,6.38,41698570000,2025-03-24 00:00:00
CMIN3,6.39,6.31,6.32,6.33,34042602000,2025-03-27 00:00:00
CMIN3,6.4,6.33,6.34,6.34,32352497000,2025-03-25 00:00:00
CMIN3,6.47,6.38,6.38,6.36,92414944000,2025-03-21 00:00:00
CSED3,3.06,3.1,3.1,3.06,761416000,2025-01-08 00:00:00
CSED3,3.06,3.11,3.11,3.06,961216000,2025-01-13 00:00:00
CSED3,3.06,3.15,3.15,3.09,1226628000,2025-01-06 00:00:00
CSED3,3.08,3.38,3.39,3.28,2330110000,2025-01-15 00:00:00
CSED3,3.1,3.08,3.09,3.07,604530000,2025-01-10 00:00:00
CSED3,3.1,3.15,3.15,3.07,981459000,2025-01-14 00:00:00
CSED3,3.14,3,3,3.06,895338000,2025-01-03 00:00:00
CSED3,3.14,3.12,3.12,3.08,989940000,2025-01-09 00:00:00
CSED3,3.15,3.23,3.23,3.21,2174767000,2025-01-20 00:00:00
CSED3,3.16,3.22,3.22,3.24,6851097000,2025-01-24 00:00:00
CSED3,3.19,3.11,3.11,3.14,1193673000,2025-01-07 00:00:00
CSED3,3.2,3.12,3.12,3.08,1310325000,2025-01-02 00:00:00
CSED3,3.22,3.21,3.21,3.19,1307426000,2025-01-23 00:00:00
CSED3,3.22,3.38,3.38,3.31,1705111000,2025-01-27 00:00:00
CSED3,3.24,3.21,3.21,3.17,2085947000,2025-01-21 00:00:00
CSED3,3.24,3.21,3.21,3.18,2662120000,2025-01-22 00:00:00
CSED3,3.25,3.15,3.2,3.18,1501299000,2025-01-17 00:00:00
CSED3,3.26,3.39,3.39,3.36,8401914000,2025-01-30 00:00:00
CSED3,3.3,3.3,3.3,3.27,1662608000,2025-01-29 00:00:00
CSED3,3.31,3.43,3.46,3.44,2533474000,2025-03-06 00:00:00
CSED3,3.33,3.57,3.57,3.46,1719897000,2025-04-09 00:00:00
CSED3,3.35,3.39,3.39,3.29,2417082000,2025-04-07 00:00:00
CSED3,3.35,3.47,3.48,3.43,947880000,2025-02-06 00:00:00
CSED3,3.37,3.27,3.27,3.26,1698902000,2025-01-16 00:00:00
CSED3,3.37,3.3,3.32,3.33,710368000,2025-03-05 00:00:00
CSED3,3.37,3.36,3.38,3.38,3991029000,2025-04-08 00:00:00
CSED3,3.37,3.45,3.46,3.43,1452221000,2025-02-27 00:00:00
CSED3,3.37,3.47,3.48,3.4,1536200000,2025-02-13 00:00:00
CSED3,3.39,3.47,3.47,3.5,2184820000,2025-02-10 00:00:00
CSED3,3.4,3.48,3.48,3.49,2719034000,2025-02-07 00:00:00
CSED3,3.41,3.36,3.36,3.32,612467000,2025-01-28 00:00:00
CSED3,3.41,3.44,3.44,3.42,1232212000,2025-01-31 00:00:00
CSED3,3.43,3.45,3.48,3.44,872758000,2025-03-11 00:00:00
CSED3,3.43,3.47,3.47,3.43,2064824000,2025-02-04 00:00:00
CSED3,3.43,3.5,3.5,3.52,568981000,2025-03-12 00:00:00
CSED3,3.45,3.38,3.38,3.35,2548053000,2025-02-28 00:00:00
CSED3,3.45,3.59,3.64,3.57,1502905000,2025-03-07 00:00:00
CSED3,3.47,3.44,3.44,3.4,1448944000,2025-02-03 00:00:00
CSED3,3.48,3.66,3.66,3.56,1998337000,2025-02-14 00:00:00
CSED3,3.49,3.4,3.4,3.44,2773396000,2025-02-26 00:00:00
CSED3,3.49,3.49,3.54,3.51,499647000,2025-03-24 00:00:00
CSED3,3.49,3.53,3.54,3.49,1542609000,2025-03-13 00:00:00
CSED3,3.5,3.55,3.55,3.44,5164871000,2025-02-11 00:00:00
CSED3,3.51,3.42,3.44,3.46,2513632000,2025-03-10 00:00:00
CSED3,3.51,3.46,3.51,3.48,1231862000,2025-02-25 00:00:00
CSED3,3.51,3.65,3.67,3.63,676409000,2025-03-25 00:00:00
CSED3,3.52,3.36,3.36,3.37,3475782000,2025-02-05 00:00:00
CSED3,3.53,3.68,3.68,3.61,1700137000,2025-03-14 00:00:00
CSED3,3.55,3.44,3.44,3.41,1839337000,2025-02-12 00:00:00
CSED3,3.57,3.62,3.62,3.58,1842707000,2025-04-10 00:00:00
CSED3,3.57,3.7,3.77,3.68,3421179000,2025-04-03 00:00:00
CSED3,3.6,3.5,3.56,3.55,587090000,2025-03-21 00:00:00
CSED3,3.6,3.53,3.54,3.54,1865533000,2025-02-24 00:00:00
CSED3,3.6,3.6,3.65,3.66,2013005000,2025-03-17 00:00:00
CSED3,3.6,3.62,3.63,3.59,926223000,2025-02-20 00:00:00
CSED3,3.6,3.63,3.67,3.64,2798812000,2025-04-02 00:00:00
CSED3,3.61,3.68,3.68,3.61,1525306000,2025-02-21 00:00:00
CSED3,3.61,3.69,3.69,3.6,6547475000,2025-04-11 00:00:00
CSED3,3.63,3.63,3.64,3.65,2261175000,2025-03-18 00:00:00
CSED3,3.64,3.69,3.69,3.67,1030360000,2025-03-19 00:00:00
CSED3,3.65,3.42,3.44,3.48,2870370000,2025-04-04 00:00:00
CSED3,3.67,3.81,3.81,3.79,1036983000,2025-03-27 00:00:00
CSED3,3.68,3.73,3.73,3.7,467165000,2025-03-26 00:00:00
CSED3,3.69,3.79,3.79,3.77,2359188000,2025-02-17 00:00:00
CSED3,3.7,3.74,3.74,3.69,6646541000,2025-04-14 00:00:00
CSED3,3.71,3.61,3.63,3.64,424570000,2025-03-20 00:00:00
CSED3,3.74,3.74,3.78,3.71,3752768000,2025-04-15 00:00:00
CSED3,3.75,3.86,3.91,3.87,3397989000,2025-04-17 00:00:00
CSED3,3.76,3.6,3.62,3.67,1414604000,2025-02-19 00:00:00
CSED3,3.77,3.75,3.75,3.76,1726248000,2025-04-16 00:00:00
CSED3,3.77,3.88,3.88,3.79,619391000,2025-03-28 00:00:00
CSED3,3.78,3.59,3.6,3.49,11771812000,2025-04-01 00:00:00
CSED3,3.79,3.8,3.8,3.74,2554132000,2025-02-18 00:00:00
CSED3,3.81,3.83,3.85,3.9,3290973000,2025-04-23 00:00:00
CSED3,3.84,3.85,3.92,3.88,1841753000,2025-04-22 00:00:00
CSED3,3.86,4.03,4.03,3.99,2355989000,2025-04-24 00:00:00
CSED3,3.88,3.8,3.8,3.73,972634000,2025-03-31 00:00:00
CSED3,3.96,4.08,4.08,4.04,1769075000,2025-04-28 00:00:00
CSED3,4.03,3.98,4.03,3.98,3891339000,2025-04-25 00:00:00
CSED3,4.06,4.09,4.09,4.04,1763414000,2025-04-30 00:00:00
CSED3,4.09,4.09,4.09,4.1,1794261000,2025-04-29 00:00:00
CVCB3,1.39,1.5,1.5,1.47,57816424000,2025-01-02 00:00:00
CVCB3,1.52,1.5,1.5,1.48,26932885000,2025-01-03 00:00:00
CVCB3,1.54,1.56,1.56,1.55,38985840000,2025-01-06 00:00:00
CVCB3,1.58,1.62,1.63,1.61,26915982000,2025-01-09 00:00:00
CVCB3,1.59,1.62,1.63,1.59,28623373000,2025-01-07 00:00:00
CVCB3,1.62,1.66,1.67,1.64,30321124000,2025-01-10 00:00:00
CVCB3,1.63,1.6,1.61,1.57,35243138000,2025-01-08 00:00:00
CVCB3,1.63,1.65,1.65,1.63,15465886000,2025-01-14 00:00:00
CVCB3,1.66,1.64,1.64,1.63,12048134000,2025-01-13 00:00:00
CVCB3,1.66,1.78,1.79,1.73,33346938000,2025-01-15 00:00:00
CVCB3,1.68,1.71,1.71,1.7,44865827000,2025-01-17 00:00:00
CVCB3,1.69,1.71,1.71,1.68,21589356000,2025-01-20 00:00:00
CVCB3,1.7,1.73,1.73,1.69,23815385000,2025-01-21 00:00:00
CVCB3,1.73,1.73,1.74,1.73,9874960000,2025-03-05 00:00:00
CVCB3,1.73,1.78,1.79,1.76,28977205000,2025-03-06 00:00:00
CVCB3,1.75,1.84,1.84,1.78,58148040000,2025-01-22 00:00:00
CVCB3,1.75,1.87,1.89,1.84,44914235000,2025-03-07 00:00:00
CVCB3,1.76,1.68,1.68,1.7,27526276000,2025-01-16 00:00:00
CVCB3,1.76,1.73,1.73,1.72,19314640000,2025-02-28 00:00:00
CVCB3,1.76,1.76,1.76,1.75,25558813000,2025-02-27 00:00:00
CVCB3,1.77,1.83,1.83,1.8,19283523000,2025-02-25 00:00:00
CVCB3,1.77,1.86,1.86,1.85,49899394000,2025-01-27 00:00:00
CVCB3,1.78,1.8,1.8,1.75,35054061000,2025-01-29 00:00:00
CVCB3,1.79,1.95,1.96,1.88,69611691000,2025-01-30 00:00:00
CVCB3,1.8,1.89,1.9,1.87,39093032000,2025-02-06 00:00:00
CVCB3,1.82,1.83,1.84,1.87,50231469000,2025-01-23 00:00:00
CVCB3,1.82,1.84,1.84,1.82,34841498000,2025-02-21 00:00:00
CVCB3,1.82,1.85,1.85,1.82,26038337000,2025-03-11 00:00:00
CVCB3,1.84,1.77,1.78,1.79,45725432000,2025-01-28 00:00:00
CVCB3,1.84,1.85,1.85,1.82,31475856000,2025-02-13 00:00:00
CVCB3,1.84,1.86,1.86,1.87,34655735000,2025-02-10 00:00:00
CVCB3,1.85,1.76,1.77,1.79,38547689000,2025-02-24 00:00:00
CVCB3,1.85,1.78,1.79,1.81,23038485000,2025-01-24 00:00:00
CVCB3,1.85,1.82,1.83,1.84,31688523000,2025-03-10 00:00:00
CVCB3,1.85,1.86,1.86,1.85,26277808000,2025-03-12 00:00:00
CVCB3,1.86,1.75,1.76,1.8,24190154000,2025-02-26 00:00:00
CVCB3,1.86,1.87,1.87,1.85,11500195000,2025-03-13 00:00:00
CVCB3,1.86,1.94,1.94,1.9,33312654000,2025-02-11 00:00:00
CVCB3,1.87,1.81,1.82,1.83,36630081000,2025-02-20 00:00:00
CVCB3,1.87,1.98,1.98,1.92,58018964000,2025-02-14 00:00:00
CVCB3,1.87,2.02,2.02,1.97,34952908000,2025-03-14 00:00:00
CVCB3,1.9,1.83,1.83,1.84,26623802000,2025-02-07 00:00:00
CVCB3,1.9,1.83,1.84,1.84,41710374000,2025-02-12 00:00:00
CVCB3,1.92,1.82,1.83,1.85,38784489000,2025-02-05 00:00:00
CVCB3,1.93,1.98,1.98,1.94,49406468000,2025-02-03 00:00:00
CVCB3,1.94,1.97,1.97,1.93,41117338000,2025-01-31 00:00:00
CVCB3,1.96,1.92,1.93,1.92,36609445000,2025-02-04 00:00:00
CVCB3,1.96,1.98,1.98,1.96,44307000000,2025-04-07 00:00:00
CVCB3,1.96,2.05,2.06,2.03,34778467000,2025-03-19 00:00:00
CVCB3,1.96,2.16,2.17,2.07,72677790000,2025-04-09 00:00:00
CVCB3,1.97,2.12,2.12,2.12,70735692000,2025-03-24 00:00:00
CVCB3,1.98,2.07,2.08,2.06,32407970000,2025-02-17 00:00:00
CVCB3,2,1.95,1.96,1.95,33194450000,2025-03-18 00:00:00
CVCB3,2.01,2,2,2.02,47325262000,2025-04-08 00:00:00
CVCB3,2.01,2.02,2.03,2.03,19929682000,2025-03-17 00:00:00
CVCB3,2.02,1.85,1.86,1.93,50861585000,2025-02-19 00:00:00
CVCB3,2.02,1.98,1.99,1.99,35759572000,2025-03-21 00:00:00
CVCB3,2.04,2.03,2.03,2.03,30352735000,2025-03-20 00:00:00
CVCB3,2.06,2.04,2.05,2.04,42478221000,2025-02-18 00:00:00
CVCB3,2.09,2.02,2.03,2.04,34567753000,2025-04-04 00:00:00
CVCB3,2.1,2.14,2.15,2.15,56393796000,2025-04-03 00:00:00
CVCB3,2.12,2.14,2.15,2.12,49111023000,2025-04-01 00:00:00
CVCB3,2.14,2.12,2.12,2.12,31721396000,2025-04-10 00:00:00
CVCB3,2.14,2.12,2.13,2.12,70631884000,2025-04-02 00:00:00
CVCB3,2.15,2.18,2.19,2.16,37282627000,2025-04-11 00:00:00
CVCB3,2.15,2.23,2.24,2.21,37432437000,2025-04-17 00:00:00
CVCB3,2.16,2.17,2.17,2.17,27247722000,2025-04-16 00:00:00
CVCB3,2.17,2.26,2.27,2.24,57672380000,2025-03-25 00:00:00
CVCB3,2.21,2.2,2.21,2.21,26865046000,2025-04-22 00:00:00
CVCB3,2.21,2.24,2.25,2.23,37182923000,2025-04-14 00:00:00
CVCB3,2.23,2.12,2.13,2.15,55000015000,2025-03-31 00:00:00
CVCB3,2.24,2.18,2.18,2.19,27888930000,2025-04-15 00:00:00
CVCB3,2.24,2.33,2.33,2.33,62990794000,2025-04-23 00:00:00
CVCB3,2.26,2.26,2.27,2.27,98215806000,2025-03-28 00:00:00
CVCB3,2.27,2.17,2.18,2.21,34031488000,2025-04-30 00:00:00
CVCB3,2.28,2.28,2.29,2.3,22542061000,2025-04-29 00:00:00
CVCB3,2.29,2.33,2.34,2.3,72457697000,2025-03-26 00:00:00
CVCB3,2.31,2.28,2.29,2.31,36093965000,2025-04-28 00:00:00
CVCB3,2.34,2.36,2.36,2.32,49138916000,2025-04-24 00:00:00
CVCB3,2.35,2.27,2.28,2.3,167415199000,2025-03-27 00:00:00
CVCB3,2.37,2.3,2.31,2.3,26842237000,2025-04-25 00:00:00
HBSA3,1.72,1.93,1.95,1.94,13834387000,2025-02-27 00:00:00
HBSA3,1.91,1.77,1.78,1.69,12024424000,2025-02-26 00:00:00
HBSA3,1.95,1.98,2,1.99,45739812000,2025-02-28 00:00:00
HBSA3,2,1.9,1.9,1.91,13513506000,2025-02-25 00:00:00
HBSA3,2.05,2.14,2.14,2.08,17371792000,2025-03-05 00:00:00
HBSA3,2.11,2.16,2.16,2.14,3076538000,2025-03-12 00:00:00
HBSA3,2.12,2.12,2.14,2.11,5681071000,2025-03-11 00:00:00
HBSA3,2.15,2.21,2.22,2.16,10366080000,2025-03-06 00:00:00
HBSA3,2.15,2.25,2.25,2.2,7233597000,2025-04-07 00:00:00
HBSA3,2.16,2.24,2.27,2.23,5158963000,2025-04-10 00:00:00
HBSA3,2.17,2.22,2.22,2.17,6984951000,2025-03-13 00:00:00
HBSA3,2.18,2.21,2.23,2.22,8394493000,2025-03-17 00:00:00
HBSA3,2.19,2.03,2.03,2.06,4111052000,2025-02-24 00:00:00
HBSA3,2.19,2.23,2.24,2.21,4309895000,2025-03-14 00:00:00
HBSA3,2.2,2.12,2.13,2.17,15784155000,2025-03-10 00:00:00
HBSA3,2.2,2.23,2.25,2.22,14939801000,2025-03-18 00:00:00
HBSA3,2.2,2.32,2.34,2.3,16915424000,2025-03-07 00:00:00
HBSA3,2.22,2.19,2.2,2.22,20472420000,2025-04-09 00:00:00
HBSA3,2.23,2.23,2.23,2.23,1736593000,2025-03-25 00:00:00
HBSA3,2.24,2.21,2.22,2.23,5421281000,2025-03-24 00:00:00
HBSA3,2.24,2.27,2.27,2.23,10181269000,2025-04-08 00:00:00
HBSA3,2.24,2.27,2.27,2.24,5610397000,2025-03-27 00:00:00
HBSA3,2.24,2.28,2.29,2.25,5141726000,2025-03-28 00:00:00
HBSA3,2.25,2.23,2.25,2.24,5075568000,2025-03-31 00:00:00
HBSA3,2.25,2.25,2.25,2.22,5226542000,2025-03-26 00:00:00
HBSA3,2.25,2.26,2.27,2.23,2697537000,2025-04-11 00:00:00
HBSA3,2.25,2.29,2.29,2.25,7280524000,2025-04-01 00:00:00
HBSA3,2.26,2.3,2.31,2.27,47203226000,2025-03-19 00:00:00
HBSA3,2.27,2.18,2.19,2.21,3769006000,2025-02-21 00:00:00
HBSA3,2.27,2.3,2.3,2.35,13459377000,2025-04-15 00:00:00
HBSA3,2.27,2.32,2.36,2.3,11007172000,2025-04-03 00:00:00
HBSA3,2.29,2.27,2.27,2.26,5229258000,2025-03-21 00:00:00
HBSA3,2.29,2.28,2.29,2.28,4162555000,2025-04-14 00:00:00
HBSA3,2.3,2.21,2.22,2.21,3932071000,2025-04-04 00:00:00
HBSA3,2.3,2.26,2.28,2.28,6204279000,2025-04-02 00:00:00
HBSA3,2.3,2.32,2.32,2.3,4931518000,2025-03-20 00:00:00
HBSA3,2.3,2.63,2.64,2.5,28811338000,2025-04-16 00:00:00
HBSA3,2.34,2.27,2.28,2.28,8322141000,2025-02-20 00:00:00
HBSA3,2.39,2.42,2.43,2.41,6056429000,2025-02-13 00:00:00
HBSA3,2.42,2.49,2.49,2.45,5967858000,2025-02-14 00:00:00
HBSA3,2.43,2.45,2.47,2.47,2878359000,2025-02-06 00:00:00
HBSA3,2.47,2.45,2.45,2.45,3235506000,2025-02-07 00:00:00
HBSA3,2.47,2.46,2.46,2.48,1532710000,2025-02-10 00:00:00
HBSA3,2.48,2.49,2.5,2.5,1755664000,2025-02-11 00:00:00
HBSA3,2.49,2.34,2.35,2.33,13204999000,2025-02-19 00:00:00
HBSA3,2.51,2.42,2.43,2.42,8726809000,2025-02-12 00:00:00
HBSA3,2.53,2.55,2.56,2.56,3853306000,2025-02-17 00:00:00
HBSA3,2.55,2.49,2.5,2.5,4291137000,2025-02-18 00:00:00
HBSA3,2.61,2.68,2.7,2.63,12604613000,2025-04-22 00:00:00
HBSA3,2.62,2.45,2.46,2.5,5126582000,2025-02-05 00:00:00
HBSA3,2.63,2.64,2.64,2.63,2682079000,2025-02-03 00:00:00
HBSA3,2.64,2.64,2.64,2.64,2207639000,2025-02-04 00:00:00
HBSA3,2.67,2.68,2.7,2.79,59731818000,2025-04-17 00:00:00
HBSA3,2.68,2.68,2.74,2.69,7230826000,2025-04-23 00:00:00
HBSA3,2.68,2.72,2.72,2.72,5632471000,2025-04-24 00:00:00
HBSA3,2.69,2.72,2.73,2.72,3906449000,2025-01-29 00:00:00
HBSA3,2.71,2.75,2.75,2.7,8151482000,2025-01-30 00:00:00
HBSA3,2.71,3,3,2.91,11395716000,2025-01-14 00:00:00
HBSA3,2.72,2.71,2.71,2.72,6261285000,2025-01-13 00:00:00
HBSA3,2.72,2.72,2.72,2.73,12741771000,2025-01-03 00:00:00
HBSA3,2.72,2.77,2.78,2.74,10047060000,2025-01-06 00:00:00
HBSA3,2.72,2.8,2.8,2.76,5508118000,2025-04-25 00:00:00
HBSA3,2.75,2.73,2.75,2.74,8763840000,2025-01-02 00:00:00
HBSA3,2.76,2.71,2.75,2.74,7830888000,2025-01-10 00:00:00
HBSA3,2.77,2.65,2.69,2.69,4857893000,2025-01-31 00:00:00
HBSA3,2.8,2.72,2.72,2.71,5771816000,2025-01-28 00:00:00
HBSA3,2.8,2.87,2.87,2.86,8720819000,2025-04-28 00:00:00
HBSA3,2.82,2.86,2.86,2.82,7294217000,2025-01-07 00:00:00
HBSA3,2.83,2.8,2.84,2.83,4566180000,2025-01-27 00:00:00
HBSA3,2.83,3.03,3.04,3,10819757000,2025-04-30 00:00:00
HBSA3,2.84,2.83,2.85,2.82,5962912000,2025-01-08 00:00:00
HBSA3,2.85,2.81,2.85,2.82,5916502000,2025-01-09 00:00:00
HBSA3,2.85,2.86,2.87,2.85,4331023000,2025-01-21 00:00:00
HBSA3,2.87,2.9,2.9,2.85,41256472000,2025-01-22 00:00:00
HBSA3,2.87,2.91,2.91,2.88,8938356000,2025-04-29 00:00:00
HBSA3,2.89,2.85,2.85,2.81,8112117000,2025-01-24 00:00:00
HBSA3,2.9,2.86,2.89,2.88,3966341000,2025-01-20 00:00:00
HBSA3,2.9,2.95,2.95,2.95,6712076000,2025-01-17 00:00:00
HBSA3,2.96,2.85,2.85,2.81,7252596000,2025-01-23 00:00:00
HBSA3,3,3.21,3.22,3.17,21434339000,2025-01-15 00:00:00
HBSA3,3.15,2.95,2.97,3.08,10627676000,2025-01-16 00:00:00
LWSA3,2.53,2.62,2.63,2.58,36537116000,2025-04-07 00:00:00
LWSA3,2.59,2.72,2.73,2.69,26932154000,2025-03-25 00:00:00
LWSA3,2.59,2.76,2.76,2.71,47050426000,2025-03-19 00:00:00
LWSA3,2.61,2.64,2.65,2.66,38454865000,2025-03-10 00:00:00
LWSA3,2.62,2.59,2.59,2.61,18161816000,2025-03-24 00:00:00
LWSA3,2.62,2.6,2.6,2.57,55407889000,2025-03-18 00:00:00
LWSA3,2.63,2.63,2.63,2.62,14471296000,2025-03-21 00:00:00
LWSA3,2.64,2.69,2.7,2.66,33471953000,2025-03-07 00:00:00
LWSA3,2.64,2.69,2.7,2.69,34882523000,2025-04-08 00:00:00
LWSA3,2.65,2.64,2.64,2.63,35243537000,2025-03-06 00:00:00
LWSA3,2.65,2.74,2.75,2.7,40772640000,2025-03-11 00:00:00
LWSA3,2.66,2.64,2.64,2.66,31374316000,2025-03-17 00:00:00
LWSA3,2.67,2.84,2.85,2.78,41919944000,2025-04-09 00:00:00
LWSA3,2.68,2.67,2.7,2.68,18711174000,2025-03-31 00:00:00
LWSA3,2.69,2.58,2.59,2.59,27979226000,2025-04-04 00:00:00
LWSA3,2.69,2.71,2.74,2.71,19363595000,2025-04-01 00:00:00
LWSA3,2.69,2.73,2.74,2.72,52159211000,2025-04-03 00:00:00
LWSA3,2.69,2.77,2.77,2.66,50568204000,2025-03-13 00:00:00
LWSA3,2.7,2.65,2.66,2.69,75408859000,2025-03-14 00:00:00
LWSA3,2.72,2.71,2.72,2.7,43645062000,2025-04-02 00:00:00
LWSA3,2.73,2.65,2.66,2.68,24964812000,2025-03-20 00:00:00
LWSA3,2.73,2.72,2.74,2.72,12309592000,2025-03-26 00:00:00
LWSA3,2.73,2.78,2.79,2.75,18311116000,2025-03-27 00:00:00
LWSA3,2.74,2.64,2.64,2.65,23123953000,2025-03-05 00:00:00
LWSA3,2.75,2.71,2.72,2.72,27883989000,2025-03-12 00:00:00
LWSA3,2.78,2.71,2.71,2.69,25878331000,2025-03-28 00:00:00
LWSA3,2.83,2.97,2.98,2.92,54046324000,2025-04-10 00:00:00
LWSA3,2.83,3,3,2.94,37645514000,2025-02-25 00:00:00
LWSA3,2.85,2.74,2.75,2.75,58349615000,2025-02-28 00:00:00
LWSA3,2.87,2.85,2.86,2.88,19639782000,2025-02-27 00:00:00
LWSA3,2.95,2.8,2.81,2.87,26430102000,2025-02-24 00:00:00
LWSA3,2.95,2.99,3,2.98,21568424000,2025-04-14 00:00:00
LWSA3,2.96,2.94,2.96,2.97,30564249000,2025-04-11 00:00:00
LWSA3,2.99,2.94,2.94,2.95,33831578000,2025-02-21 00:00:00
LWSA3,2.99,3.02,3.03,2.99,18173282000,2025-04-15 00:00:00
LWSA3,3.02,3.03,3.04,3.01,23081748000,2025-04-16 00:00:00
LWSA3,3.03,2.88,2.89,2.94,24139889000,2025-02-26 00:00:00
LWSA3,3.04,2.99,2.99,3.03,45298614000,2025-02-20 00:00:00
LWSA3,3.05,3.11,3.13,3.1,28084052000,2025-01-20 00:00:00
LWSA3,3.05,3.5,3.51,3.38,90480250000,2025-04-17 00:00:00
LWSA3,3.1,3.18,3.18,3.13,12459049000,2025-01-21 00:00:00
LWSA3,3.12,3.18,3.19,3.14,34531798000,2025-02-13 00:00:00
LWSA3,3.12,3.19,3.2,3.19,26942624000,2025-02-11 00:00:00
LWSA3,3.14,3.14,3.14,3.14,21040688000,2025-02-10 00:00:00
LWSA3,3.16,3.03,3.05,3.07,31239348000,2025-01-17 00:00:00
LWSA3,3.16,3.21,3.21,3.17,15408161000,2025-02-06 00:00:00
LWSA3,3.18,3.12,3.13,3.14,60580179000,2025-02-12 00:00:00
LWSA3,3.18,3.31,3.31,3.26,17720971000,2025-01-27 00:00:00
LWSA3,3.19,3.12,3.13,3.11,20005049000,2025-02-07 00:00:00
LWSA3,3.19,3.36,3.37,3.29,26404256000,2025-01-22 00:00:00
LWSA3,3.19,3.4,3.4,3.3,57694315000,2025-02-14 00:00:00
LWSA3,3.21,3.14,3.15,3.14,25373348000,2025-02-05 00:00:00
LWSA3,3.21,3.43,3.43,3.38,29549467000,2025-01-30 00:00:00
LWSA3,3.24,3.19,3.23,3.22,13640108000,2025-01-29 00:00:00
LWSA3,3.25,3.23,3.23,3.21,13105701000,2025-01-03 00:00:00
LWSA3,3.26,3.03,3.04,3.09,67032391000,2025-02-19 00:00:00
LWSA3,3.26,3.21,3.21,3.22,17019813000,2025-01-28 00:00:00
LWSA3,3.26,3.21,3.22,3.23,19046985000,2025-01-24 00:00:00
LWSA3,3.3,3.21,3.21,3.21,22519832000,2025-02-04 00:00:00
LWSA3,3.31,3.32,3.32,3.28,22056182000,2025-01-06 00:00:00
LWSA3,3.32,3.25,3.25,3.23,19037429000,2025-01-02 00:00:00
LWSA3,3.33,3.35,3.37,3.35,26221144000,2025-01-15 00:00:00
LWSA3,3.34,3.31,3.32,3.32,18632600000,2025-02-03 00:00:00
LWSA3,3.35,3.3,3.31,3.31,19918151000,2025-01-14 00:00:00
LWSA3,3.35,3.45,3.46,3.44,32373532000,2025-01-07 00:00:00
LWSA3,3.36,3.12,3.13,3.2,26765501000,2025-01-16 00:00:00
LWSA3,3.36,3.3,3.3,3.32,16733026000,2025-01-23 00:00:00
LWSA3,3.36,3.33,3.35,3.31,16183293000,2025-01-13 00:00:00
LWSA3,3.38,3.46,3.48,3.48,29678855000,2025-02-17 00:00:00
LWSA3,3.39,3.41,3.42,3.4,22127896000,2025-01-08 00:00:00
LWSA3,3.41,3.41,3.42,3.39,10922605000,2025-01-09 00:00:00
LWSA3,3.42,3.36,3.36,3.34,15896629000,2025-01-10 00:00:00
LWSA3,3.43,3.36,3.36,3.37,19808835000,2025-01-31 00:00:00
LWSA3,3.46,3.3,3.3,3.31,28618389000,2025-02-18 00:00:00
LWSA3,3.49,3.52,3.52,3.55,48580364000,2025-04-22 00:00:00
LWSA3,3.58,3.71,3.72,3.72,45282836000,2025-04-23 00:00:00
LWSA3,3.67,3.61,3.61,3.58,66528299000,2025-04-30 00:00:00
LWSA3,3.72,3.79,3.8,3.79,43773867000,2025-04-24 00:00:00
LWSA3,3.78,3.67,3.68,3.73,27425394000,2025-04-29 00:00:00
LWSA3,3.78,3.89,3.9,3.89,43790490000,2025-04-25 00:00:00
LWSA3,3.92,3.76,3.77,3.79,31239372000,2025-04-28 00:00:00
PCAR3,2.38,2.42,2.42,2.42,12343768000,2025-03-12 00:00:00
PCAR3,2.42,2.41,2.42,2.41,10042054000,2025-03-13 00:00:00
PCAR3,2.43,2.4,2.41,2.44,22168877000,2025-03-14 00:00:00
PCAR3,2.43,2.44,2.44,2.42,12503225000,2025-03-17 00:00:00
PCAR3,2.43,2.49,2.49,2.48,15941611000,2025-03-07 00:00:00
PCAR3,2.45,2.48,2.48,2.45,11118327000,2025-03-18 00:00:00
PCAR3,2.47,2.38,2.38,2.39,17356086000,2025-03-11 00:00:00
PCAR3,2.47,2.57,2.57,2.53,17457252000,2025-03-19 00:00:00
PCAR3,2.49,2.46,2.47,2.48,9872111000,2025-03-10 00:00:00
PCAR3,2.5,2.5,2.5,2.5,6336758000,2025-03-05 00:00:00
PCAR3,2.52,2.43,2.44,2.46,19894678000,2025-03-06 00:00:00
PCAR3,2.53,2.63,2.64,2.66,25579781000,2025-03-25 00:00:00
PCAR3,2.54,2.53,2.54,2.55,10513289000,2025-03-20 00:00:00
PCAR3,2.55,2.52,2.53,2.52,7169650000,2025-03-24 00:00:00
PCAR3,2.55,2.55,2.55,2.53,9140175000,2025-03-21 00:00:00
PCAR3,2.56,2.63,2.64,2.6,19412499000,2025-01-02 00:00:00
PCAR3,2.57,2.62,2.62,2.6,24516385000,2025-02-27 00:00:00
PCAR3,2.6,2.53,2.53,2.54,19974618000,2025-02-28 00:00:00
PCAR3,2.6,2.65,2.65,2.59,13206095000,2025-02-06 00:00:00
PCAR3,2.63,2.58,2.58,2.58,13202644000,2025-02-05 00:00:00
PCAR3,2.63,2.65,2.67,2.68,44148708000,2025-01-03 00:00:00
PCAR3,2.65,2.62,2.63,2.61,15005962000,2025-02-04 00:00:00
PCAR3,2.65,2.69,2.7,2.61,46012255000,2025-01-14 00:00:00
PCAR3,2.65,2.73,2.74,2.72,17743393000,2025-03-26 00:00:00
PCAR3,2.66,2.66,2.66,2.63,11001386000,2025-02-07 00:00:00
PCAR3,2.66,2.69,2.69,2.69,12877300000,2025-02-25 00:00:00
PCAR3,2.67,2.79,2.81,2.77,35350767000,2025-01-27 00:00:00
PCAR3,2.68,2.7,2.7,2.71,23491674000,2025-01-17 00:00:00
PCAR3,2.69,2.7,2.7,2.7,17083903000,2025-02-10 00:00:00
PCAR3,2.7,2.67,2.67,2.68,23602239000,2025-01-24 00:00:00
PCAR3,2.7,2.78,2.79,2.73,35462900000,2025-01-06 00:00:00
PCAR3,2.7,2.88,2.88,2.82,40329954000,2025-02-11 00:00:00
PCAR3,2.71,2.57,2.58,2.63,23662493000,2025-02-26 00:00:00
PCAR3,2.72,2.63,2.64,2.65,45464306000,2025-01-13 00:00:00
PCAR3,2.72,2.66,2.66,2.64,32711895000,2025-02-24 00:00:00
PCAR3,2.72,2.75,2.76,2.76,34089295000,2025-01-30 00:00:00
PCAR3,2.72,2.78,2.78,2.77,17056851000,2025-01-20 00:00:00
PCAR3,2.73,2.65,2.65,2.64,19891707000,2025-02-03 00:00:00
PCAR3,2.73,2.71,2.72,2.72,25140125000,2025-02-21 00:00:00
PCAR3,2.73,2.75,2.76,2.72,21832262000,2025-01-15 00:00:00
PCAR3,2.74,2.7,2.71,2.71,18510888000,2025-01-29 00:00:00
PCAR3,2.75,2.73,2.73,2.71,39798552000,2025-02-20 00:00:00
PCAR3,2.75,2.86,2.87,2.84,23907681000,2025-03-27 00:00:00
PCAR3,2.76,2.68,2.68,2.69,14943373000,2025-01-16 00:00:00
PCAR3,2.76,2.7,2.73,2.73,18386594000,2025-01-31 00:00:00
PCAR3,2.76,2.78,2.78,2.8,17515834000,2025-01-21 00:00:00
PCAR3,2.79,2.85,2.85,2.85,23245727000,2025-01-09 00:00:00
PCAR3,2.8,2.71,2.72,2.74,19073763000,2025-01-28 00:00:00
PCAR3,2.8,2.87,2.87,2.8,30502991000,2025-01-22 00:00:00
PCAR3,2.8,2.89,2.9,2.84,26492174000,2025-02-12 00:00:00
PCAR3,2.82,2.72,2.73,2.84,78306671000,2025-02-19 00:00:00
PCAR3,2.82,2.82,2.83,2.81,31077932000,2025-01-07 00:00:00
PCAR3,2.82,2.85,2.85,2.76,34867952000,2025-01-08 00:00:00
PCAR3,2.82,3.09,3.09,3,89140335000,2025-03-31 00:00:00
PCAR3,2.85,2.76,2.76,2.74,32888941000,2025-01-10 00:00:00
PCAR3,2.87,2.72,2.72,2.72,20284340000,2025-03-28 00:00:00
PCAR3,2.88,2.71,2.73,2.78,27293911000,2025-01-23 00:00:00
PCAR3,2.88,2.98,2.99,2.95,46499641000,2025-02-13 00:00:00
PCAR3,3,3.13,3.13,3.03,41841869000,2025-02-14 00:00:00
PCAR3,3.02,3.65,3.66,3.49,95881823000,2025-04-09 00:00:00
PCAR3,3.03,2.93,2.94,2.93,75033017000,2025-02-18 00:00:00
PCAR3,3.04,3.03,3.03,3.02,40869782000,2025-04-01 00:00:00
PCAR3,3.06,3.51,3.52,3.52,183642167000,2025-04-02 00:00:00
PCAR3,3.13,3.14,3.15,3.12,45856751000,2025-02-17 00:00:00
PCAR3,3.15,3.21,3.21,3.14,39437748000,2025-04-07 00:00:00
PCAR3,3.23,3.07,3.08,3.11,29932298000,2025-04-08 00:00:00
PCAR3,3.32,3.23,3.24,3.31,42958374000,2025-04-04 00:00:00
PCAR3,3.64,3.72,3.72,3.65,63811091000,2025-04-10 00:00:00
PCAR3,3.65,3.38,3.38,3.42,113807364000,2025-04-03 00:00:00
PCAR3,3.66,3.62,3.63,3.61,55229438000,2025-04-16 00:00:00
PCAR3,3.67,3.75,3.76,3.74,90701054000,2025-04-17 00:00:00
PCAR3,3.75,3.99,3.99,3.91,54180647000,2025-04-22 00:00:00
PCAR3,3.77,3.81,3.82,3.9,110832179000,2025-04-11 00:00:00
PCAR3,4,3.69,3.7,3.77,70146061000,2025-04-15 00:00:00
PCAR3,4,3.96,3.97,4.02,107180452000,2025-04-14 00:00:00
PCAR3,4.03,4.05,4.05,4.06,61763569000,2025-04-23 00:00:00
PCAR3,4.05,4.33,4.35,4.31,94157300000,2025-04-24 00:00:00
PCAR3,4.29,4.59,4.59,4.65,183015236000,2025-04-29 00:00:00
PCAR3,4.36,4.4,4.4,4.39,64599546000,2025-04-25 00:00:00
PCAR3,4.44,4.25,4.27,4.39,106576386000,2025-04-28 00:00:00
PCAR3,4.65,4.23,4.24,4.42,85020374000,2025-04-30 00:00:00
PETR4,30.3,30.56,30.57,30.53,1009026030000,2025-04-29 00:00:00
PETR4,30.34,30.52,30.53,30.51,1085567890000,2025-04-25 00:00:00
PETR4,30.41,29.99,30,30.18,1593787009000,2025-04-30 00:00:00
PETR4,30.56,30.4,30.42,30.44,833151644000,2025-04-28 00:00:00
PETR4,30.67,30.85,30.86,30.86,2029435426000,2025-04-17 00:00:00
PETR4,30.8,30.92,30.92,30.8,1284099515000,2025-04-22 00:00:00
PETR4,30.81,30.43,30.44,30.41,1873104964000,2025-04-24 00:00:00
PETR4,31.29,31,31.01,31.12,2279408432000,2025-04-16 00:00:00
PETR4,31.31,33.3,33.3,32.26,3433039361000,2025-04-09 00:00:00
PETR4,31.35,30.57,30.58,31.01,2219819673000,2025-04-23 00:00:00
PETR4,31.5,31.85,31.89,31.55,2061566793000,2025-04-11 00:00:00
PETR4,31.73,31,31.01,31.31,1824824609000,2025-04-15 00:00:00
PETR4,32.6,31.73,31.75,31.99,1792412086000,2025-04-14 00:00:00
PETR4,33,31.23,31.25,31.83,2268315930000,2025-04-10 00:00:00
PETR4,33.7,32,32,32.79,2037565708000,2025-04-08 00:00:00
PETR4,33.92,33.18,33.2,33.52,2873623620000,2025-04-07 00:00:00
PETR4,34.16,34.1,34.11,34.14,688073227000,2025-03-12 00:00:00
PETR4,34.18,34.44,34.44,34.34,661565266000,2025-03-13 00:00:00
PETR4,34.29,34.63,34.65,34.62,971951909000,2025-03-07 00:00:00
PETR4,34.58,34.62,34.62,34.31,1202334230000,2025-03-10 00:00:00
PETR4,34.6,35.5,35.51,35.22,1462059484000,2025-03-14 00:00:00
PETR4,34.74,34.55,34.55,34.3,2992511720000,2025-04-04 00:00:00
PETR4,34.75,34.1,34.11,34.18,984823605000,2025-03-11 00:00:00
PETR4,34.81,34.26,34.27,34.33,1639541711000,2025-03-06 00:00:00
PETR4,35.02,34.62,34.63,34.76,1688096978000,2025-03-05 00:00:00
PETR4,35.61,36.16,36.17,36.18,1127973212000,2025-03-17 00:00:00
PETR4,36.15,36,36,36,2372855659000,2025-04-03 00:00:00
PETR4,36.16,36.24,36.25,36.1,1694026352000,2025-03-20 00:00:00
PETR4,36.19,36.19,36.19,36.16,545527424000,2025-03-18 00:00:00
PETR4,36.2,36.32,36.32,36.19,555661385000,2025-02-13 00:00:00
PETR4,36.22,36.8,36.8,36.64,2241873526000,2025-03-21 00:00:00
PETR4,36.27,36.16,36.17,36.17,766208479000,2025-03-19 00:00:00
PETR4,36.36,36.61,36.61,36.25,4702489549000,2025-02-27 00:00:00
PETR4,36.42,36.77,36.8,36.72,1103499795000,2025-01-02 00:00:00
PETR4,36.44,37.44,37.45,37.18,1499190463000,2025-02-14 00:00:00
PETR4,36.49,35.93,35.96,36.05,2000419105000,2025-02-28 00:00:00
PETR4,36.55,36.98,37,36.86,1391599416000,2025-01-07 00:00:00
PETR4,36.57,37.18,37.18,37.03,1103954520000,2025-01-27 00:00:00
PETR4,36.6,36.21,36.21,36.26,861553161000,2025-01-06 00:00:00
PETR4,36.65,36.28,36.28,36.34,1357897461000,2025-02-12 00:00:00
PETR4,36.7,36.75,36.76,36.74,747625381000,2025-03-24 00:00:00
PETR4,36.7,36.84,36.84,36.82,424513649000,2025-01-09 00:00:00
PETR4,36.81,36.83,36.83,36.88,644885702000,2025-02-10 00:00:00
PETR4,36.84,36.79,36.79,36.84,645197587000,2025-02-06 00:00:00
PETR4,36.85,37.04,37.07,37.18,1042616380000,2025-03-25 00:00:00
PETR4,36.86,36.58,36.59,36.57,784097330000,2025-02-07 00:00:00
PETR4,36.88,36.38,36.4,36.49,849389006000,2025-01-03 00:00:00
PETR4,36.88,36.64,36.64,36.58,593341331000,2025-01-24 00:00:00
PETR4,36.93,37.29,37.29,37.13,1207197054000,2025-01-15 00:00:00
PETR4,36.99,36.68,36.69,36.7,898689964000,2025-01-08 00:00:00
PETR4,37.01,36.83,36.84,36.83,612398304000,2025-02-11 00:00:00
PETR4,37.01,37.2,37.21,37.2,1485818732000,2025-01-17 00:00:00
PETR4,37.04,37.39,37.4,37.28,1152753614000,2025-01-30 00:00:00
PETR4,37.05,36.86,36.87,36.89,757726088000,2025-02-05 00:00:00
PETR4,37.1,37.3,37.3,37.06,875290795000,2025-01-21 00:00:00
PETR4,37.11,36.82,36.83,36.84,1074748525000,2025-01-14 00:00:00
PETR4,37.12,36.83,36.83,36.96,987785921000,2025-01-23 00:00:00
PETR4,37.15,37.39,37.41,37.45,1006359912000,2025-03-26 00:00:00
PETR4,37.2,36.9,36.91,36.93,672416088000,2025-01-29 00:00:00
PETR4,37.21,37.05,37.05,36.96,988233606000,2025-01-16 00:00:00
PETR4,37.22,37.29,37.29,37.27,518630773000,2025-01-20 00:00:00
PETR4,37.25,36.94,36.95,37.19,1500133137000,2025-01-10 00:00:00
PETR4,37.27,37.2,37.2,37.1,629244170000,2025-04-02 00:00:00
PETR4,37.3,37.07,37.07,37.23,852632281000,2025-01-13 00:00:00
PETR4,37.3,37.13,37.13,37.11,1272721896000,2025-02-04 00:00:00
PETR4,37.3,37.3,37.34,37.53,715948654000,2025-04-01 00:00:00
PETR4,37.35,37.16,37.17,37.32,972413294000,2025-03-31 00:00:00
PETR4,37.36,37.09,37.1,37.33,815028261000,2025-01-22 00:00:00
PETR4,37.39,37.69,37.69,37.84,1402101449000,2025-01-31 00:00:00
PETR4,37.4,37.13,37.13,37.13,1025648711000,2025-01-28 00:00:00
PETR4,37.43,37.67,37.67,37.76,1074292590000,2025-03-27 00:00:00
PETR4,37.64,37.67,37.68,37.72,853126384000,2025-02-17 00:00:00
PETR4,37.65,37.43,37.44,37.36,823964607000,2025-03-28 00:00:00
PETR4,37.72,38.36,38.37,38.2,1683503509000,2025-02-18 00:00:00
PETR4,37.76,37.5,37.5,37.56,934614307000,2025-02-03 00:00:00
PETR4,38.11,38.44,38.44,38.38,1253113363000,2025-02-19 00:00:00
PETR4,38.12,37.95,37.95,38.11,1218042093000,2025-02-25 00:00:00
PETR4,38.25,37.95,37.96,37.92,1039918282000,2025-02-26 00:00:00
PETR4,38.42,38.5,38.5,38.41,1023316221000,2025-02-20 00:00:00
PETR4,38.5,38.12,38.13,38.12,1060942282000,2025-02-24 00:00:00
PETR4,38.53,38.39,38.39,38.34,1154871167000,2025-02-21 00:00:00
RAIZ4,1.66,1.71,1.71,1.69,16532896000,2025-03-05 00:00:00
RAIZ4,1.68,1.74,1.74,1.71,24592062000,2025-03-07 00:00:00
RAIZ4,1.68,1.77,1.78,1.73,38453031000,2025-04-09 00:00:00
RAIZ4,1.7,1.69,1.69,1.68,23730604000,2025-04-08 00:00:00
RAIZ4,1.7,1.7,1.7,1.69,25681909000,2025-03-06 00:00:00
RAIZ4,1.7,1.77,1.78,1.72,42175944000,2025-02-25 00:00:00
RAIZ4,1.7,1.83,1.83,1.72,143755840000,2025-02-06 00:00:00
RAIZ4,1.71,1.69,1.7,1.69,28525080000,2025-04-07 00:00:00
RAIZ4,1.71,1.71,1.72,1.7,17412251000,2025-03-13 00:00:00
RAIZ4,1.71,1.78,1.79,1.76,27430440000,2025-03-14 00:00:00
RAIZ4,1.71,1.85,1.85,1.76,87471582000,2025-02-17 00:00:00
RAIZ4,1.73,1.7,1.7,1.68,24517103000,2025-02-24 00:00:00
RAIZ4,1.73,1.75,1.75,1.74,18975563000,2025-03-10 00:00:00
RAIZ4,1.74,1.65,1.66,1.67,36165301000,2025-02-28 00:00:00
RAIZ4,1.74,1.73,1.75,1.74,14630957000,2025-02-27 00:00:00
RAIZ4,1.74,1.76,1.77,1.75,13632436000,2025-04-17 00:00:00
RAIZ4,1.74,1.78,1.79,1.79,21995224000,2025-02-10 00:00:00
RAIZ4,1.75,1.71,1.72,1.72,12051290000,2025-03-12 00:00:00
RAIZ4,1.75,1.73,1.73,1.72,19965906000,2025-02-21 00:00:00
RAIZ4,1.75,1.74,1.75,1.73,10538088000,2025-03-11 00:00:00
RAIZ4,1.75,1.78,1.8,1.79,29062713000,2025-04-23 00:00:00
RAIZ4,1.76,1.73,1.74,1.73,20712891000,2025-04-22 00:00:00
RAIZ4,1.76,1.74,1.75,1.74,18438580000,2025-04-16 00:00:00
RAIZ4,1.77,1.75,1.76,1.74,25062418000,2025-02-20 00:00:00
RAIZ4,1.77,1.76,1.76,1.75,13479999000,2025-04-15 00:00:00
RAIZ4,1.77,1.76,1.76,1.76,18420920000,2025-04-11 00:00:00
RAIZ4,1.77,1.77,1.78,1.76,35205565000,2025-02-14 00:00:00
RAIZ4,1.77,1.81,1.81,1.8,14860566000,2025-02-11 00:00:00
RAIZ4,1.78,1.74,1.74,1.74,17110836000,2025-02-26 00:00:00
RAIZ4,1.78,1.77,1.77,1.75,25791221000,2025-04-10 00:00:00
RAIZ4,1.78,1.78,1.78,1.76,19557865000,2025-04-14 00:00:00
RAIZ4,1.78,1.83,1.83,1.82,24280053000,2025-03-17 00:00:00
RAIZ4,1.78,1.85,1.86,1.82,27473889000,2025-04-24 00:00:00
RAIZ4,1.79,1.77,1.77,1.76,10452648000,2025-02-13 00:00:00
RAIZ4,1.79,1.83,1.83,1.81,10794800000,2025-04-29 00:00:00
RAIZ4,1.8,1.79,1.8,1.78,23632391000,2025-02-12 00:00:00
RAIZ4,1.8,1.79,1.8,1.8,15262999000,2025-04-28 00:00:00
RAIZ4,1.81,1.74,1.75,1.75,30321567000,2025-04-04 00:00:00
RAIZ4,1.83,1.76,1.76,1.77,24640199000,2025-02-07 00:00:00
RAIZ4,1.83,1.81,1.82,1.82,34222050000,2025-04-30 00:00:00
RAIZ4,1.83,1.83,1.83,1.82,14733489000,2025-03-18 00:00:00
RAIZ4,1.83,1.84,1.85,1.86,31677649000,2025-04-03 00:00:00
RAIZ4,1.83,1.86,1.87,1.84,21418917000,2025-03-19 00:00:00
RAIZ4,1.84,1.69,1.69,1.73,95725322000,2025-02-05 00:00:00
RAIZ4,1.84,1.77,1.78,1.79,35682162000,2025-02-19 00:00:00
RAIZ4,1.84,1.8,1.8,1.79,34866109000,2025-04-25 00:00:00
RAIZ4,1.84,1.87,1.87,1.86,14736654000,2025-04-01 00:00:00
RAIZ4,1.84,1.87,1.87,1.86,69558968000,2025-03-21 00:00:00
RAIZ4,1.85,1.84,1.85,1.87,53792462000,2025-02-18 00:00:00
RAIZ4,1.86,1.84,1.85,1.85,29197572000,2025-03-20 00:00:00
RAIZ4,1.86,1.85,1.86,1.85,20329508000,2025-03-31 00:00:00
RAIZ4,1.86,1.89,1.9,1.89,29754620000,2025-01-24 00:00:00
RAIZ4,1.87,1.84,1.85,1.87,21835980000,2025-04-02 00:00:00
RAIZ4,1.87,1.87,1.87,1.86,16349577000,2025-03-24 00:00:00
RAIZ4,1.87,1.89,1.89,1.87,17305944000,2025-03-25 00:00:00
RAIZ4,1.87,1.89,1.89,1.88,21533115000,2025-03-26 00:00:00
RAIZ4,1.88,1.92,1.93,1.91,59273390000,2025-01-22 00:00:00
RAIZ4,1.89,1.9,1.9,1.87,84649508000,2025-02-03 00:00:00
RAIZ4,1.89,1.91,1.91,1.9,22423877000,2025-03-27 00:00:00
RAIZ4,1.9,1.83,1.83,1.86,46072717000,2025-02-04 00:00:00
RAIZ4,1.9,1.97,1.97,1.97,55626393000,2025-01-27 00:00:00
RAIZ4,1.92,1.86,1.87,1.87,22462214000,2025-03-28 00:00:00
RAIZ4,1.92,1.86,1.87,1.87,38351530000,2025-01-23 00:00:00
RAIZ4,1.92,1.87,1.88,1.86,66045304000,2025-01-21 00:00:00
RAIZ4,1.93,1.96,1.96,1.95,35265695000,2025-01-30 00:00:00
RAIZ4,1.96,1.9,1.9,1.92,50128705000,2025-01-31 00:00:00
RAIZ4,1.97,1.96,1.96,1.96,24105746000,2025-01-28 00:00:00
RAIZ4,1.98,1.93,1.94,1.93,27005422000,2025-01-29 00:00:00
RAIZ4,2.01,1.93,1.93,1.93,53429623000,2025-01-20 00:00:00
RAIZ4,2.02,2.04,2.04,2.02,38384505000,2025-01-17 00:00:00
RAIZ4,2.02,2.09,2.1,2.04,29533797000,2025-01-15 00:00:00
RAIZ4,2.03,2,2.01,1.99,26055032000,2025-01-14 00:00:00
RAIZ4,2.03,2.02,2.02,2.02,24663999000,2025-01-13 00:00:00
RAIZ4,2.04,2.02,2.02,2.02,19820227000,2025-01-10 00:00:00
RAIZ4,2.06,2.04,2.04,2.04,15792185000,2025-01-09 00:00:00
RAIZ4,2.1,2.01,2.01,2.03,25220487000,2025-01-16 00:00:00
RAIZ4,2.13,2.13,2.13,2.1,18421193000,2025-01-03 00:00:00
RAIZ4,2.13,2.17,2.18,2.16,24696469000,2025-01-06 00:00:00
RAIZ4,2.15,2.04,2.05,2.06,38024925000,2025-01-08 00:00:00
RAIZ4,2.16,2.13,2.13,2.12,30508869000,2025-01-02 00:00:00
RAIZ4,2.17,2.15,2.16,2.17,27688839000,2025-01-07 00:00:00
USIM5,4.72,4.95,4.96,4.84,70649583000,2025-01-15 00:00:00
USIM5,4.8,4.68,4.69,4.72,39214593000,2025-01-14 00:00:00
USIM5,4.8,4.75,4.77,4.81,53760619000,2025-01-13 00:00:00
USIM5,4.81,4.76,4.76,4.73,59397438000,2025-01-10 00:00:00
USIM5,4.84,4.79,4.8,4.81,43333527000,2025-01-09 00:00:00
USIM5,4.86,5.01,5.02,4.98,78773553000,2025-01-17 00:00:00
USIM5,4.9,5.09,5.09,5,78195243000,2025-01-06 00:00:00
USIM5,4.95,4.84,4.85,4.88,54457463000,2025-01-16 00:00:00
USIM5,5.01,5.04,5.05,5.02,35999506000,2025-01-20 00:00:00
USIM5,5.03,5.31,5.31,5.21,67934188000,2025-01-21 00:00:00
USIM5,5.04,4.88,4.89,4.9,51553878000,2025-01-08 00:00:00
USIM5,5.05,5.47,5.48,5.27,132248439000,2025-04-09 00:00:00
USIM5,5.1,5.08,5.08,5.08,66448010000,2025-01-07 00:00:00
USIM5,5.14,5.36,5.37,5.32,90144592000,2025-04-07 00:00:00
USIM5,5.16,4.85,4.85,4.95,92410682000,2025-01-03 00:00:00
USIM5,5.19,5.23,5.25,5.29,82218232000,2025-01-24 00:00:00
USIM5,5.23,5.41,5.41,5.36,58412359000,2025-01-27 00:00:00
USIM5,5.27,5.15,5.17,5.19,74537242000,2025-01-23 00:00:00
USIM5,5.28,5.22,5.25,5.33,84435823000,2025-01-22 00:00:00
USIM5,5.34,5.16,5.17,5.22,58627991000,2025-01-02 00:00:00
USIM5,5.37,5.42,5.43,5.4,51831793000,2025-04-11 00:00:00
USIM5,5.4,5.4,5.4,5.37,56569673000,2025-01-29 00:00:00
USIM5,5.4,5.64,5.65,5.6,91166998000,2025-01-30 00:00:00
USIM5,5.41,5.33,5.34,5.35,62873207000,2025-01-28 00:00:00
USIM5,5.42,5.58,5.58,5.57,79393842000,2025-04-16 00:00:00
USIM5,5.42,5.72,5.72,5.68,71106523000,2025-02-10 00:00:00
USIM5,5.46,5.11,5.12,5.2,67201133000,2025-04-08 00:00:00
USIM5,5.46,5.53,5.54,5.49,58156683000,2025-02-03 00:00:00
USIM5,5.48,5.33,5.34,5.3,85615994000,2025-04-10 00:00:00
USIM5,5.48,5.5,5.51,5.47,62108746000,2025-02-05 00:00:00
USIM5,5.49,5.6,5.6,5.53,62300568000,2025-04-14 00:00:00
USIM5,5.52,5.48,5.48,5.48,41275608000,2025-02-04 00:00:00
USIM5,5.52,5.6,5.61,5.6,52207234000,2025-02-06 00:00:00
USIM5,5.59,5.46,5.48,5.55,49176553000,2025-04-15 00:00:00
USIM5,5.59,5.67,5.67,5.65,51437305000,2025-04-17 00:00:00
USIM5,5.59,5.92,5.92,5.86,94176671000,2025-02-11 00:00:00
USIM5,5.63,5.35,5.36,5.41,107018673000,2025-04-04 00:00:00
USIM5,5.64,5.6,5.61,5.61,51893951000,2025-02-07 00:00:00
USIM5,5.65,5.51,5.52,5.55,68415360000,2025-01-31 00:00:00
USIM5,5.67,5.71,5.72,5.72,51446094000,2025-04-22 00:00:00
USIM5,5.67,5.87,5.87,5.8,66410097000,2025-02-13 00:00:00
USIM5,5.68,5.68,5.69,5.66,48932868000,2025-03-31 00:00:00
USIM5,5.69,5.53,5.54,5.56,70828693000,2025-04-30 00:00:00
USIM5,5.71,5.85,5.86,5.81,39304164000,2025-03-05 00:00:00
USIM5,5.73,5.75,5.76,5.73,56464898000,2025-04-28 00:00:00
USIM5,5.73,5.88,5.89,5.83,110274130000,2025-03-14 00:00:00
USIM5,5.73,5.9,5.91,5.91,84399550000,2025-04-01 00:00:00
USIM5,5.75,5.73,5.74,5.74,61941876000,2025-04-29 00:00:00
USIM5,5.76,5.76,5.76,5.74,60636986000,2025-04-03 00:00:00
USIM5,5.8,5.91,5.92,5.87,45893940000,2025-02-25 00:00:00
USIM5,5.8,5.98,5.98,5.84,130978556000,2025-02-14 00:00:00
USIM5,5.83,5.73,5.74,5.76,102337524000,2025-04-25 00:00:00
USIM5,5.83,5.79,5.82,5.83,48069828000,2025-03-21 00:00:00
USIM5,5.83,5.86,5.87,5.82,47041003000,2025-03-12 00:00:00
USIM5,5.83,6.07,6.07,6.03,115455403000,2025-04-23 00:00:00
USIM5,5.84,5.94,5.95,5.93,70754008000,2025-03-19 00:00:00
USIM5,5.85,5.84,5.84,5.81,60085105000,2025-03-18 00:00:00
USIM5,5.86,5.65,5.65,5.77,98804557000,2025-03-13 00:00:00
USIM5,5.86,5.68,5.69,5.74,99218909000,2025-02-12 00:00:00
USIM5,5.86,5.87,5.87,5.86,47364293000,2025-03-17 00:00:00
USIM5,5.86,5.87,5.87,5.89,64458495000,2025-03-24 00:00:00
USIM5,5.87,5.92,5.93,5.9,64155474000,2025-03-06 00:00:00
USIM5,5.88,5.9,5.9,5.92,45378068000,2025-03-25 00:00:00
USIM5,5.89,5.89,5.89,5.89,39470875000,2025-03-20 00:00:00
USIM5,5.89,5.93,5.93,5.91,32187544000,2025-03-26 00:00:00
USIM5,5.9,6.02,6.02,5.93,69555052000,2025-03-07 00:00:00
USIM5,5.91,5.71,5.71,5.75,60259559000,2025-02-28 00:00:00
USIM5,5.91,5.82,5.82,5.79,46984608000,2025-04-02 00:00:00
USIM5,5.91,5.95,5.98,6,62418291000,2025-02-17 00:00:00
USIM5,5.92,5.96,5.96,6,38183767000,2025-02-27 00:00:00
USIM5,5.94,5.96,5.96,5.92,43269315000,2025-03-10 00:00:00
USIM5,5.95,5.72,5.73,5.74,87563310000,2025-03-28 00:00:00
USIM5,5.95,5.97,5.97,5.95,48644712000,2025-02-26 00:00:00
USIM5,5.96,5.88,5.89,5.86,46993758000,2025-03-11 00:00:00
USIM5,5.98,6.04,6.05,6.07,77895052000,2025-02-18 00:00:00
USIM5,5.99,5.95,5.97,5.96,48896776000,2025-03-27 00:00:00
USIM5,6.04,5.82,5.83,5.89,54560963000,2025-02-24 00:00:00
USIM5,6.13,5.98,6.01,6.03,63338455000,2025-02-21 00:00:00
USIM5,6.13,6.07,6.1,6.16,130011021000,2025-02-19 00:00:00
USIM5,6.14,6.13,6.13,6.11,74943552000,2025-02-20 00:00:00
USIM5,6.15,5.81,5.81,5.9,286239062000,2025-04-24 00:00:00
