CODNEG,PRE-ABE,PRE-ULT,PRE-OFV,PREMED,VOLT-TOT,DATA_PREGAO
ABEV3,11.09,11.24,11.25,11.17,249873992000,2024-06-14 00:00:00
ABEV3,11.17,11.09,11.1,11.13,437281766000,2024-06-13 00:00:00
ABEV3,11.18,11.2,11.21,11.13,199322798000,2024-06-19 00:00:00
ABEV3,11.19,11.25,11.25,11.29,421288453000,2024-06-18 00:00:00
ABEV3,11.21,11.24,11.24,11.26,203629788000,2024-06-17 00:00:00
ABEV3,11.21,11.28,11.29,11.28,603456727000,2024-06-21 00:00:00
ABEV3,11.25,11.28,11.29,11.29,333124104000,2024-06-20 00:00:00
ABEV3,11.45,11.27,11.27,11.29,462127742000,2024-06-12 00:00:00
ABEV3,11.46,11.56,11.58,11.56,727859819000,2024-05-31 00:00:00
ABEV3,11.52,11.46,11.48,11.49,273296027000,2024-06-10 00:00:00
ABEV3,11.53,11.52,11.55,11.47,394017961000,2024-05-29 00:00:00
ABEV3,11.54,11.82,11.8,11.72,404941499000,2024-06-06 00:00:00
ABEV3,11.57,11.4,11.41,11.44,229623553000,2024-06-11 00:00:00
ABEV3,11.57,11.55,11.55,11.55,288472839000,2024-06-03 00:00:00
ABEV3,11.57,11.69,11.69,11.63,424162913000,2024-06-04 00:00:00
ABEV3,11.69,11.57,11.58,11.61,414088367000,2024-06-05 00:00:00
ABEV3,11.71,11.56,11.54,11.59,372081286000,2024-06-07 00:00:00
ABEV3,11.84,12.04,12.05,12,444451684000,2024-04-24 00:00:00
ABEV3,11.89,11.59,11.6,11.63,470967089000,2024-05-28 00:00:00
ABEV3,11.9,11.86,11.87,11.88,220859824000,2024-04-23 00:00:00
ABEV3,11.92,11.96,11.96,11.97,340271912000,2024-05-23 00:00:00
ABEV3,11.92,11.96,11.97,11.94,342335544000,2024-04-18 00:00:00
ABEV3,11.93,11.81,11.82,11.83,195700867000,2024-05-27 00:00:00
ABEV3,11.96,11.87,11.89,11.92,271754852000,2024-05-24 00:00:00
ABEV3,11.97,11.95,11.98,11.99,309638516000,2024-04-19 00:00:00
ABEV3,11.98,11.97,11.98,12.01,591550108000,2024-05-22 00:00:00
ABEV3,11.98,12.05,12.06,12.1,311731229000,2024-05-09 00:00:00
ABEV3,11.99,11.95,11.97,12.01,281799781000,2024-04-22 00:00:00
ABEV3,12,11.91,11.91,11.91,316023988000,2024-04-17 00:00:00
ABEV3,12,11.94,11.95,12.01,376308293000,2024-04-16 00:00:00
ABEV3,12,12.1,12.11,12.06,319919490000,2024-04-29 00:00:00
ABEV3,12.03,12.01,12.02,12.03,194686501000,2024-04-26 00:00:00
ABEV3,12.05,12.04,12.05,12.02,349147515000,2024-05-10 00:00:00
ABEV3,12.06,12.02,12.02,11.98,283760202000,2024-04-25 00:00:00
ABEV3,12.07,12.06,12.06,12.02,270253863000,2024-05-13 00:00:00
ABEV3,12.08,12.15,12.15,12.19,306600902000,2024-04-30 00:00:00
ABEV3,12.08,12.16,12.17,12.16,397500962000,2024-05-14 00:00:00
ABEV3,12.1,12.02,12.03,12.1,464447714000,2024-05-21 00:00:00
ABEV3,12.1,12.07,12.08,12.07,381871316000,2024-04-15 00:00:00
ABEV3,12.1,12.2,12.22,12.22,256928420000,2024-04-11 00:00:00
ABEV3,12.16,12.12,12.13,12.12,197212195000,2024-04-12 00:00:00
ABEV3,12.19,12.31,12.35,12.34,452167511000,2024-05-15 00:00:00
ABEV3,12.2,12.41,12.41,12.38,400394458000,2024-03-26 00:00:00
ABEV3,12.21,12.36,12.38,12.33,293629414000,2024-04-09 00:00:00
ABEV3,12.22,12.17,12.18,12.18,230539118000,2024-04-08 00:00:00
ABEV3,12.25,12.33,12.38,12.4,344561429000,2024-05-02 00:00:00
ABEV3,12.25,12.45,12.45,12.34,446278502000,2024-04-03 00:00:00
ABEV3,12.27,12.1,12.11,12.17,280466457000,2024-04-10 00:00:00
ABEV3,12.33,12.1,12.1,12.18,474654270000,2024-05-20 00:00:00
ABEV3,12.34,12.27,12.28,12.32,235627526000,2024-04-02 00:00:00
ABEV3,12.36,12.45,12.45,12.37,324238091000,2024-03-27 00:00:00
ABEV3,12.38,12.49,12.5,12.49,554693253000,2024-03-28 00:00:00
ABEV3,12.39,12.17,12.18,12.09,613212280000,2024-05-08 00:00:00
ABEV3,12.39,12.45,12.45,12.44,232832304000,2024-05-06 00:00:00
ABEV3,12.4,12.23,12.25,12.32,266209344000,2024-03-25 00:00:00
ABEV3,12.4,12.38,12.38,12.36,347753415000,2024-05-17 00:00:00
ABEV3,12.45,12.38,12.38,12.36,401518009000,2024-05-16 00:00:00
ABEV3,12.45,12.48,12.49,12.47,206656087000,2024-03-04 00:00:00
ABEV3,12.46,12.44,12.44,12.43,636121802000,2024-03-01 00:00:00
ABEV3,12.47,12.37,12.38,12.39,289895392000,2024-05-03 00:00:00
ABEV3,12.47,12.47,12.51,12.59,401623438000,2024-04-04 00:00:00
ABEV3,12.47,12.6,12.61,12.55,345588635000,2024-05-07 00:00:00
ABEV3,12.5,12.33,12.33,12.33,259377347000,2024-04-01 00:00:00
ABEV3,12.52,12.23,12.25,12.2,868282411000,2024-04-05 00:00:00
ABEV3,12.52,12.61,12.61,12.54,366548561000,2024-03-21 00:00:00
ABEV3,12.53,12.54,12.55,12.47,603834401000,2024-03-20 00:00:00
ABEV3,12.53,12.75,12.75,12.74,425188504000,2024-03-05 00:00:00
ABEV3,12.55,12.84,0,12.79,694904411000,2024-03-08 00:00:00
ABEV3,12.56,12.41,12.41,12.43,225663285000,2024-03-22 00:00:00
ABEV3,12.63,12.54,12.59,12.53,331725559000,2024-03-19 00:00:00
ABEV3,12.63,12.65,12.68,12.62,163493893000,2024-03-07 00:00:00
ABEV3,12.65,12.63,12.63,12.6,304800035000,2024-03-18 00:00:00
ABEV3,12.74,12.8,12.81,12.74,352499975000,2024-03-14 00:00:00
ABEV3,12.77,12.8,12.8,12.76,259768182000,2024-03-11 00:00:00
ABEV3,12.77,12.81,12.81,12.72,117488863000,2024-02-19 00:00:00
ABEV3,12.8,12.69,12.69,12.67,571674194000,2024-03-06 00:00:00
ABEV3,12.81,12.85,12.87,12.94,347911001000,2024-02-20 00:00:00
ABEV3,12.82,12.75,12.76,12.79,318169013000,2024-03-13 00:00:00
ABEV3,12.83,12.84,12.84,12.82,325322786000,2024-03-12 00:00:00
ABEV3,12.83,13.04,13.06,13.02,168510382000,2024-02-26 00:00:00
ABEV3,12.84,12.9,12.91,12.83,178625197000,2024-02-21 00:00:00
ABEV3,12.86,12.63,12.65,12.66,458117938000,2024-03-15 00:00:00
ABEV3,12.88,12.92,12.92,12.88,209048647000,2024-02-14 00:00:00
ABEV3,12.9,12.76,12.8,12.8,268621761000,2024-02-16 00:00:00
ABEV3,12.92,12.58,12.59,12.61,1112284784000,2024-02-29 00:00:00
ABEV3,12.92,12.95,0,12.9,199317353000,2024-02-09 00:00:00
ABEV3,12.93,12.85,12.87,12.92,359467680000,2024-02-15 00:00:00
ABEV3,12.93,12.96,12.97,12.94,208613465000,2024-02-22 00:00:00
ABEV3,12.96,12.95,12.96,12.96,302039786000,2024-02-08 00:00:00
ABEV3,13,12.89,0,12.9,244470631000,2024-02-23 00:00:00
ABEV3,13.07,13.07,13.07,12.99,351791481000,2024-02-01 00:00:00
ABEV3,13.07,13.23,13.23,13.21,392556057000,2024-02-06 00:00:00
ABEV3,13.08,13.07,13.08,13.06,299606778000,2024-02-02 00:00:00
ABEV3,13.08,13.08,13.08,13.13,331794627000,2024-01-31 00:00:00
ABEV3,13.08,13.09,13.1,13.11,217757520000,2024-02-05 00:00:00
ABEV3,13.11,13.31,13.31,13.26,420079901000,2024-02-27 00:00:00
ABEV3,13.16,13.25,13.26,13.23,134492216000,2024-01-29 00:00:00
ABEV3,13.22,13.04,13.05,13.08,294629022000,2024-01-30 00:00:00
ABEV3,13.22,13.2,13.21,13.2,169540019000,2024-01-25 00:00:00
ABEV3,13.25,13,13.01,13.05,492733090000,2024-02-07 00:00:00
ABEV3,13.26,13.2,13.22,13.23,86923519000,2024-01-26 00:00:00
ABEV3,13.27,13.45,13.47,13.47,464810598000,2024-02-28 00:00:00
ABEV3,13.33,13.43,13.44,13.45,168068227000,2024-01-17 00:00:00
ABEV3,13.38,13.36,13.37,13.32,216496866000,2024-01-22 00:00:00
ABEV3,13.39,13.37,13.37,13.34,224829026000,2024-01-23 00:00:00
ABEV3,13.41,13.35,13.36,13.33,373519911000,2024-01-19 00:00:00
ABEV3,13.42,13.34,13.35,13.33,245700673000,2024-01-18 00:00:00
ABEV3,13.44,13.2,13.22,13.28,211936130000,2024-01-24 00:00:00
ABEV3,13.44,13.35,13.36,13.42,325313501000,2024-01-16 00:00:00
ABEV3,13.48,13.59,13.59,13.55,64425003000,2024-01-15 00:00:00
ABEV3,13.52,13.59,13.59,13.54,274993694000,2024-01-12 00:00:00
ABEV3,13.6,13.65,13.66,13.63,272730057000,2024-01-04 00:00:00
ABEV3,13.61,13.71,13.71,13.7,150932381000,2024-01-08 00:00:00
ABEV3,13.62,13.6,13.61,13.61,248997566000,2024-01-05 00:00:00
ABEV3,13.62,13.76,13.77,13.76,252027577000,2024-01-10 00:00:00
ABEV3,13.67,13.6,13.62,13.62,240018103000,2024-01-03 00:00:00
ABEV3,13.69,13.62,13.62,13.6,213682360000,2024-01-09 00:00:00
ABEV3,13.71,13.56,13.56,13.58,302261171000,2024-01-11 00:00:00
ABEV3,13.72,13.71,13.71,13.67,159839111000,2024-01-02 00:00:00
BEEF3,5.93,6.24,6.26,6.14,86641026000,2024-05-09 00:00:00
BEEF3,5.97,6.26,6.27,6.23,82575013000,2024-06-11 00:00:00
BEEF3,6.01,6,6.01,6.03,99214891000,2024-04-16 00:00:00
BEEF3,6.01,6.12,6.18,6.13,55398132000,2024-06-06 00:00:00
BEEF3,6.02,6.02,6.02,6.04,35237359000,2024-05-07 00:00:00
BEEF3,6.03,6.04,6.05,6.04,89089912000,2024-04-17 00:00:00
BEEF3,6.03,6.08,6.1,6.08,56251855000,2024-05-08 00:00:00
BEEF3,6.03,6.13,6.14,6.12,46912354000,2024-04-26 00:00:00
BEEF3,6.05,6,6,6.05,72392235000,2024-06-05 00:00:00
BEEF3,6.05,6.1,6.11,6.11,43251836000,2024-06-07 00:00:00
BEEF3,6.06,6.01,6.02,6,46958642000,2024-04-25 00:00:00
BEEF3,6.06,6.1,6.11,6.07,42752225000,2024-04-18 00:00:00
BEEF3,6.07,6.29,6.29,6.24,43483715000,2024-06-18 00:00:00
BEEF3,6.09,6.08,6.08,6.08,55936413000,2024-04-19 00:00:00
BEEF3,6.1,6.15,6.17,6.16,49003537000,2024-04-22 00:00:00
BEEF3,6.12,5.95,5.95,5.99,55216451000,2024-06-10 00:00:00
BEEF3,6.12,6.05,6.07,6.07,33820660000,2024-04-24 00:00:00
BEEF3,6.12,6.24,6.25,6.22,62495992000,2024-05-03 00:00:00
BEEF3,6.13,6.09,6.1,6.1,38256265000,2024-04-23 00:00:00
BEEF3,6.13,6.1,6.11,6.09,22747578000,2024-06-17 00:00:00
BEEF3,6.14,6.16,6.18,6.19,30098431000,2024-06-14 00:00:00
BEEF3,6.14,6.17,6.18,6.15,21522004000,2024-04-29 00:00:00
BEEF3,6.16,6.13,6.13,6.16,35556415000,2024-06-13 00:00:00
BEEF3,6.17,6.12,6.12,6.1,30407207000,2024-04-30 00:00:00
BEEF3,6.18,6.01,6.01,5.98,146199580000,2024-05-06 00:00:00
BEEF3,6.18,6.19,6.2,6.18,50499093000,2024-05-13 00:00:00
BEEF3,6.19,6.19,6.2,6.23,36935705000,2024-05-14 00:00:00
BEEF3,6.19,6.29,6.32,6.3,45294698000,2024-05-15 00:00:00
BEEF3,6.21,6.07,6.07,6.08,47066648000,2024-05-02 00:00:00
BEEF3,6.21,6.25,6.26,6.2,57233241000,2024-06-03 00:00:00
BEEF3,6.25,6.05,6.06,6.08,64782437000,2024-06-04 00:00:00
BEEF3,6.28,6.34,6.36,6.37,84694869000,2024-05-10 00:00:00
BEEF3,6.29,6.47,6.5,6.42,46889489000,2024-06-19 00:00:00
BEEF3,6.3,6.15,6.17,6.16,44884727000,2024-06-12 00:00:00
BEEF3,6.31,6.2,6.2,6.25,41999392000,2024-05-31 00:00:00
BEEF3,6.32,6.88,6.88,6.7,161728087000,2024-05-16 00:00:00
BEEF3,6.34,6.41,6.43,6.44,53815131000,2024-05-23 00:00:00
BEEF3,6.35,6.04,6.05,6.07,202657000000,2024-04-15 00:00:00
BEEF3,6.36,6.46,6.5,6.49,85827592000,2024-02-15 00:00:00
BEEF3,6.42,6.32,6.32,6.35,31880814000,2024-05-29 00:00:00
BEEF3,6.43,6.55,6.6,6.59,51647079000,2024-05-24 00:00:00
BEEF3,6.46,6.6,6.62,6.53,78594239000,2024-02-21 00:00:00
BEEF3,6.48,6.5,6.51,6.49,63495266000,2024-04-11 00:00:00
BEEF3,6.48,6.63,6.63,6.69,94356025000,2024-02-26 00:00:00
BEEF3,6.49,6.52,6.54,6.53,56413828000,2024-02-16 00:00:00
BEEF3,6.5,6.41,6.41,6.34,111067002000,2024-04-12 00:00:00
BEEF3,6.5,6.54,6.54,6.51,35227612000,2024-02-19 00:00:00
BEEF3,6.51,6.46,6.47,6.46,33476241000,2024-05-28 00:00:00
BEEF3,6.52,6.46,6.47,6.5,81240952000,2024-04-10 00:00:00
BEEF3,6.52,6.58,6.59,6.56,54299987000,2024-06-20 00:00:00
BEEF3,6.53,6.47,6.48,6.47,45857746000,2024-02-20 00:00:00
BEEF3,6.54,6.35,6.35,6.4,53630975000,2024-02-14 00:00:00
BEEF3,6.54,6.45,6.46,6.49,40243641000,2024-06-21 00:00:00
BEEF3,6.55,6.71,6.74,6.63,134501018000,2024-03-27 00:00:00
BEEF3,6.58,6.48,6.48,6.49,24244605000,2024-05-27 00:00:00
BEEF3,6.6,6.56,6.57,6.6,64523462000,2024-04-09 00:00:00
BEEF3,6.6,6.71,0,6.7,50092621000,2024-03-08 00:00:00
BEEF3,6.63,6.68,6.69,6.7,52063986000,2024-02-22 00:00:00
BEEF3,6.65,6.55,0,6.56,66001067000,2024-02-09 00:00:00
BEEF3,6.65,6.6,6.61,6.6,50602086000,2024-04-08 00:00:00
BEEF3,6.7,6.5,0,6.54,83933983000,2024-02-23 00:00:00
BEEF3,6.7,6.64,6.65,6.66,31885415000,2024-03-07 00:00:00
BEEF3,6.7,6.7,6.7,6.71,37042956000,2024-03-11 00:00:00
BEEF3,6.71,6.62,6.62,6.61,55843645000,2024-04-05 00:00:00
BEEF3,6.71,6.83,6.84,6.81,79376194000,2024-03-05 00:00:00
BEEF3,6.72,6.79,6.82,6.84,66638921000,2024-02-06 00:00:00
BEEF3,6.72,6.81,6.85,6.8,99601078000,2024-02-27 00:00:00
BEEF3,6.73,6.8,6.82,6.8,53686132000,2024-03-12 00:00:00
BEEF3,6.74,6.75,6.76,6.76,66685539000,2024-03-28 00:00:00
BEEF3,6.75,6.76,6.76,6.74,37878635000,2024-02-02 00:00:00
BEEF3,6.75,6.78,6.8,6.75,49178862000,2024-01-19 00:00:00
BEEF3,6.75,6.85,6.88,6.85,67952920000,2024-04-01 00:00:00
BEEF3,6.76,6.75,6.77,6.76,50500128000,2024-01-17 00:00:00
BEEF3,6.76,7.13,7.14,7.07,175418960000,2024-01-23 00:00:00
BEEF3,6.77,6.71,6.72,6.73,78817452000,2024-04-04 00:00:00
BEEF3,6.78,6.81,6.81,6.78,42491540000,2024-02-29 00:00:00
BEEF3,6.79,6.59,6.59,6.56,290111073000,2024-03-26 00:00:00
BEEF3,6.79,6.71,6.72,6.71,44842563000,2024-02-05 00:00:00
BEEF3,6.79,6.72,6.72,6.74,62818479000,2024-01-18 00:00:00
BEEF3,6.79,6.87,6.88,6.91,99275357000,2024-05-17 00:00:00
BEEF3,6.8,6.65,6.65,6.66,70551475000,2024-02-08 00:00:00
BEEF3,6.8,6.75,6.78,6.8,57961844000,2024-01-22 00:00:00
BEEF3,6.8,6.81,6.81,6.81,57574036000,2024-02-07 00:00:00
BEEF3,6.8,6.99,7,6.93,68810011000,2024-05-20 00:00:00
BEEF3,6.81,6.81,6.82,6.82,58049820000,2024-02-28 00:00:00
BEEF3,6.82,6.71,6.71,6.72,59045074000,2024-03-04 00:00:00
BEEF3,6.82,6.8,6.8,6.8,33080240000,2024-03-01 00:00:00
BEEF3,6.84,6.34,6.34,6.5,142910336000,2024-05-22 00:00:00
BEEF3,6.86,6.85,6.85,6.91,57501004000,2024-01-31 00:00:00
BEEF3,6.86,6.92,6.93,6.92,65153096000,2024-03-13 00:00:00
BEEF3,6.87,6.75,6.75,6.75,77772853000,2024-02-01 00:00:00
BEEF3,6.88,6.76,6.77,6.78,62447135000,2024-04-03 00:00:00
BEEF3,6.88,6.87,6.88,6.87,49521267000,2024-04-02 00:00:00
BEEF3,6.9,6.7,6.71,6.74,63237940000,2024-03-06 00:00:00
BEEF3,6.93,7.02,7.03,6.99,62825964000,2024-03-14 00:00:00
BEEF3,7,7.04,7.05,7.07,75138885000,2024-01-12 00:00:00
BEEF3,7,7.06,7.07,7.07,50777826000,2024-03-19 00:00:00
BEEF3,7.01,6.94,6.94,7.01,78845716000,2024-05-21 00:00:00
BEEF3,7.01,6.97,6.97,6.96,24201472000,2024-03-18 00:00:00
BEEF3,7.02,6.83,6.85,6.87,85366769000,2024-01-30 00:00:00
BEEF3,7.03,6.98,6.99,6.98,72282584000,2024-01-11 00:00:00
BEEF3,7.04,6.78,6.78,6.81,161381754000,2024-01-16 00:00:00
BEEF3,7.05,7.01,7.01,7,40852510000,2024-03-15 00:00:00
BEEF3,7.05,7.06,7.07,7.05,42124439000,2024-01-15 00:00:00
BEEF3,7.09,7.05,7.06,7.05,57363534000,2024-01-10 00:00:00
BEEF3,7.09,7.14,7.18,7.13,62350556000,2024-01-08 00:00:00
BEEF3,7.1,7.1,7.14,7.15,55756975000,2024-01-05 00:00:00
BEEF3,7.11,7.19,7.21,7.17,78528021000,2024-03-20 00:00:00
BEEF3,7.13,7.12,7.12,7.16,49505178000,2024-01-25 00:00:00
BEEF3,7.13,7.19,7.2,7.19,42448322000,2024-01-26 00:00:00
BEEF3,7.14,7.08,7.08,7.12,49311544000,2024-01-09 00:00:00
BEEF3,7.16,7.1,7.11,7.1,53971596000,2024-03-22 00:00:00
BEEF3,7.17,7.05,7.06,7.04,65331261000,2024-01-29 00:00:00
BEEF3,7.17,7.22,7.22,7.22,66463087000,2024-03-25 00:00:00
BEEF3,7.2,7.13,7.14,7.16,65862447000,2024-01-24 00:00:00
BEEF3,7.2,7.16,7.17,7.15,32667842000,2024-03-21 00:00:00
BEEF3,7.24,7.1,7.1,7.09,102581620000,2024-01-04 00:00:00
BEEF3,7.33,7.23,7.23,7.25,82081446000,2024-01-03 00:00:00
BEEF3,7.46,7.32,7.32,7.34,115312408000,2024-01-02 00:00:00
CMIN3,4.68,4.67,4.68,4.65,68560708000,2024-06-05 00:00:00
CMIN3,4.71,4.9,4.9,4.84,55011032000,2024-06-06 00:00:00
CMIN3,4.77,4.7,4.7,4.73,61887562000,2024-06-04 00:00:00
CMIN3,4.8,4.95,4.95,4.87,72841440000,2024-06-11 00:00:00
CMIN3,4.82,4.86,4.87,4.85,20384166000,2024-06-17 00:00:00
CMIN3,4.85,4.87,4.88,4.86,60891074000,2024-06-07 00:00:00
CMIN3,4.85,4.99,5,4.92,29289478000,2024-06-13 00:00:00
CMIN3,4.86,5.05,5.05,5.01,47483241000,2024-06-18 00:00:00
CMIN3,4.88,4.89,4.88,4.87,39357425000,2024-06-10 00:00:00
CMIN3,4.92,4.83,4.83,4.82,73446649000,2024-06-03 00:00:00
CMIN3,4.97,4.93,4.93,4.92,53823951000,2024-04-16 00:00:00
CMIN3,4.97,5,5,4.99,39785277000,2024-04-29 00:00:00
CMIN3,4.99,4.83,4.82,4.85,37098181000,2024-06-12 00:00:00
CMIN3,4.99,5.12,5.14,5.1,49215511000,2024-05-02 00:00:00
CMIN3,5,4.88,4.88,4.9,23334259000,2024-06-14 00:00:00
CMIN3,5,4.94,4.96,4.94,45047183000,2024-04-30 00:00:00
CMIN3,5,4.98,4.99,4.99,25610963000,2024-04-26 00:00:00
CMIN3,5.03,5.07,5.08,5,39327840000,2024-06-19 00:00:00
CMIN3,5.04,4.94,4.95,4.96,55413160000,2024-05-31 00:00:00
CMIN3,5.05,4.95,4.96,4.97,37272618000,2024-04-25 00:00:00
CMIN3,5.08,5.12,5.13,5.1,43988931000,2024-05-08 00:00:00
CMIN3,5.08,5.2,5.21,5.15,87534225000,2024-04-17 00:00:00
CMIN3,5.09,5.06,5.06,5.05,52058881000,2024-04-15 00:00:00
CMIN3,5.09,5.08,5.09,5.06,47442263000,2024-05-09 00:00:00
CMIN3,5.1,5.05,5.08,5.08,46129751000,2024-04-23 00:00:00
CMIN3,5.1,5.07,5.08,5.04,70895714000,2024-05-29 00:00:00
CMIN3,5.1,5.15,5.16,5.16,55588619000,2024-06-20 00:00:00
CMIN3,5.11,5.05,5.07,5.07,45329551000,2024-04-24 00:00:00
CMIN3,5.11,5.19,5.19,5.15,85483848000,2024-06-21 00:00:00
CMIN3,5.12,5.08,5.1,5.1,41872034000,2024-04-11 00:00:00
CMIN3,5.13,5.07,5.07,5.08,45446749000,2024-04-12 00:00:00
CMIN3,5.15,5.13,5.13,5.14,48026786000,2024-05-07 00:00:00
CMIN3,5.15,5.5,5.51,5.42,125848818000,2024-05-13 00:00:00
CMIN3,5.17,5.16,5.16,5.1,62600406000,2024-05-15 00:00:00
CMIN3,5.18,5.18,5.18,5.16,41391167000,2024-05-03 00:00:00
CMIN3,5.19,5.11,5.12,5.18,38600648000,2024-05-06 00:00:00
CMIN3,5.19,5.22,5.23,5.24,43703914000,2024-04-04 00:00:00
CMIN3,5.2,5.34,5.34,5.31,65339040000,2024-04-08 00:00:00
CMIN3,5.21,5.19,5.19,5.18,59827001000,2024-05-16 00:00:00
CMIN3,5.21,5.3,5.3,5.23,53705446000,2024-04-19 00:00:00
CMIN3,5.22,5.07,5.08,5.08,79823896000,2024-05-10 00:00:00
CMIN3,5.22,5.1,5.12,5.11,50925021000,2024-04-05 00:00:00
CMIN3,5.23,5.2,5.2,5.19,42384838000,2024-04-03 00:00:00
CMIN3,5.24,5.31,5.32,5.24,45120064000,2024-03-27 00:00:00
CMIN3,5.25,5.25,5.27,5.27,51419479000,2024-05-17 00:00:00
CMIN3,5.26,5.25,5.25,5.23,84700436000,2024-04-18 00:00:00
CMIN3,5.26,5.38,5.39,5.37,59520245000,2024-05-20 00:00:00
CMIN3,5.28,5.2,5.2,5.2,49595733000,2024-04-22 00:00:00
CMIN3,5.28,5.29,5.3,5.3,24023856000,2024-05-24 00:00:00
CMIN3,5.28,5.34,5.34,5.28,15520454000,2024-05-27 00:00:00
CMIN3,5.31,5.3,5.34,5.28,74920271000,2024-03-28 00:00:00
CMIN3,5.33,5.28,5.28,5.26,52740562000,2024-04-02 00:00:00
CMIN3,5.34,5.25,5.26,5.28,34464496000,2024-03-26 00:00:00
CMIN3,5.35,5.31,5.32,5.34,52579634000,2024-04-01 00:00:00
CMIN3,5.37,5.13,5.14,5.19,48645413000,2024-05-28 00:00:00
CMIN3,5.39,5.1,5.11,5.16,105783618000,2024-04-10 00:00:00
CMIN3,5.4,5.29,5.29,5.28,40450185000,2024-05-23 00:00:00
CMIN3,5.41,5.51,5.51,5.51,59748032000,2024-05-21 00:00:00
CMIN3,5.45,5.43,5.44,5.38,80301131000,2024-04-09 00:00:00
CMIN3,5.49,5.37,5.37,5.39,41651148000,2024-03-25 00:00:00
CMIN3,5.52,5.59,5.6,5.61,55802686000,2024-03-18 00:00:00
CMIN3,5.53,5.36,5.36,5.36,121349733000,2024-05-14 00:00:00
CMIN3,5.55,5.42,5.42,5.48,48487286000,2024-05-22 00:00:00
CMIN3,5.63,5.44,5.44,5.47,131360639000,2024-03-15 00:00:00
CMIN3,5.64,5.48,5.5,5.53,41365550000,2024-03-22 00:00:00
CMIN3,5.69,5.68,5.69,5.72,49411768000,2024-03-19 00:00:00
CMIN3,5.7,5.64,5.65,5.68,45354995000,2024-03-21 00:00:00
CMIN3,5.71,5.64,5.66,5.66,41379418000,2024-03-20 00:00:00
CMIN3,5.8,5.67,5.68,5.68,30327270000,2024-03-14 00:00:00
CMIN3,5.82,5.82,5.83,5.85,41111991000,2024-03-13 00:00:00
CMIN3,5.82,5.87,5.87,5.86,37006812000,2024-03-12 00:00:00
CMIN3,5.87,5.78,5.79,5.76,40180303000,2024-03-11 00:00:00
CMIN3,6,5.95,0,5.96,31394662000,2024-03-08 00:00:00
CMIN3,6.02,6.08,6.08,6.07,33310367000,2024-03-04 00:00:00
CMIN3,6.06,5.97,5.97,6.02,41946971000,2024-03-06 00:00:00
CMIN3,6.07,6,6,6.01,33297701000,2024-03-05 00:00:00
CMIN3,6.07,6.02,6.02,6.02,25130374000,2024-03-01 00:00:00
CMIN3,6.12,6.07,6.07,6.09,32327984000,2024-02-29 00:00:00
CMIN3,6.13,6.18,6.18,6.12,44558901000,2024-02-26 00:00:00
CMIN3,6.15,6.28,6.28,6.19,48771664000,2024-02-21 00:00:00
CMIN3,6.16,6.05,6.06,6.13,101273841000,2024-03-07 00:00:00
CMIN3,6.23,6.29,6.3,6.3,30683593000,2024-02-27 00:00:00
CMIN3,6.25,6.13,6.14,6.15,24145619000,2024-02-28 00:00:00
CMIN3,6.25,6.15,0,6.19,26553666000,2024-02-23 00:00:00
CMIN3,6.27,6.18,6.21,6.18,72893275000,2024-02-20 00:00:00
CMIN3,6.28,6.4,6.41,6.42,42044017000,2024-02-15 00:00:00
CMIN3,6.3,6.22,6.23,6.27,31193137000,2024-02-22 00:00:00
CMIN3,6.45,6.51,6.53,6.56,39902068000,2024-02-16 00:00:00
CMIN3,6.46,6.53,6.53,6.54,51787575000,2024-02-06 00:00:00
CMIN3,6.48,6.27,6.28,6.31,32504160000,2024-02-14 00:00:00
CMIN3,6.5,6.33,6.34,6.4,22702650000,2024-02-19 00:00:00
CMIN3,6.53,6.54,6.55,6.57,91714232000,2024-02-07 00:00:00
CMIN3,6.54,6.57,6.58,6.6,41494266000,2024-01-23 00:00:00
CMIN3,6.58,6.59,6.6,6.63,38209332000,2024-02-08 00:00:00
CMIN3,6.59,6.47,0,6.55,21296453000,2024-02-09 00:00:00
CMIN3,6.6,6.46,6.5,6.48,45420209000,2024-02-05 00:00:00
CMIN3,6.63,6.49,6.5,6.52,48021761000,2024-01-22 00:00:00
CMIN3,6.66,6.73,6.74,6.75,49514558000,2024-01-24 00:00:00
CMIN3,6.66,6.82,6.82,6.77,32650078000,2024-01-26 00:00:00
CMIN3,6.74,6.66,6.67,6.64,27895400000,2024-01-19 00:00:00
CMIN3,6.74,6.68,6.69,6.7,27969194000,2024-01-18 00:00:00
CMIN3,6.76,6.66,6.67,6.64,38918431000,2024-01-25 00:00:00
CMIN3,6.78,6.63,6.64,6.68,37918466000,2024-02-02 00:00:00
CMIN3,6.78,6.68,6.68,6.68,42155654000,2024-01-17 00:00:00
CMIN3,6.78,6.82,6.82,6.77,32141941000,2024-02-01 00:00:00
CMIN3,6.82,6.9,6.9,6.81,52600827000,2024-01-30 00:00:00
CMIN3,6.83,6.83,6.83,6.79,40407066000,2024-01-29 00:00:00
CMIN3,6.87,6.8,6.83,6.89,44506524000,2024-01-31 00:00:00
CMIN3,6.9,6.81,6.82,6.84,57583298000,2024-01-16 00:00:00
CMIN3,7,6.94,6.95,6.91,66361567000,2024-01-15 00:00:00
CMIN3,7.16,7.17,7.22,7.14,84321508000,2024-01-12 00:00:00
CMIN3,7.35,7.21,7.21,7.21,64698684000,2024-01-11 00:00:00
CMIN3,7.43,7.37,7.37,7.31,89390556000,2024-01-10 00:00:00
CMIN3,7.69,7.53,7.53,7.57,43165472000,2024-01-09 00:00:00
CMIN3,7.79,7.75,7.75,7.75,53312411000,2024-01-08 00:00:00
CMIN3,7.8,7.86,7.86,7.82,41912444000,2024-01-05 00:00:00
CMIN3,7.8,7.89,7.89,7.86,61809054000,2024-01-02 00:00:00
CMIN3,7.88,7.99,8,7.95,51667257000,2024-01-03 00:00:00
CMIN3,7.97,7.86,7.87,7.83,77387302000,2024-01-04 00:00:00
CSED3,3.6,3.62,3.64,3.62,1661501000,2024-06-20 00:00:00
CSED3,3.62,3.67,3.72,3.7,626733000,2024-04-19 00:00:00
CSED3,3.63,3.59,3.59,3.65,959927000,2024-04-18 00:00:00
CSED3,3.63,3.59,3.61,3.57,2757539000,2024-06-19 00:00:00
CSED3,3.67,3.75,3.75,3.69,1171634000,2024-06-21 00:00:00
CSED3,3.7,3.77,3.77,3.72,650675000,2024-04-22 00:00:00
CSED3,3.71,3.6,3.6,3.66,1702081000,2024-06-18 00:00:00
CSED3,3.73,3.62,3.62,3.6,2665040000,2024-04-17 00:00:00
CSED3,3.77,3.84,3.84,3.81,533307000,2024-04-23 00:00:00
CSED3,3.78,3.92,3.92,3.86,1303484000,2024-02-14 00:00:00
CSED3,3.8,3.69,3.7,3.71,3394273000,2024-04-16 00:00:00
CSED3,3.81,3.85,3.85,3.82,2199212000,2024-02-06 00:00:00
CSED3,3.82,3.88,0,3.85,1233792000,2024-02-09 00:00:00
CSED3,3.85,3.7,3.73,3.74,1407445000,2024-06-17 00:00:00
CSED3,3.85,3.83,3.84,3.71,9366094000,2024-06-04 00:00:00
CSED3,3.85,3.85,3.86,3.84,1306704000,2024-06-14 00:00:00
CSED3,3.85,3.9,3.9,3.83,1747265000,2024-02-07 00:00:00
CSED3,3.86,4.05,4.05,4.01,1978586000,2024-04-24 00:00:00
CSED3,3.87,3.95,3.95,3.89,2474010000,2024-06-06 00:00:00
CSED3,3.88,3.8,3.8,3.73,16226845000,2024-06-03 00:00:00
CSED3,3.88,3.85,3.86,3.79,4384047000,2024-06-05 00:00:00
CSED3,3.89,3.86,3.91,3.88,1285863000,2024-06-13 00:00:00
CSED3,3.9,3.83,3.84,3.78,1897120000,2024-02-08 00:00:00
CSED3,3.92,3.93,3.93,3.91,1262760000,2024-02-15 00:00:00
CSED3,3.93,4.15,4.16,4.08,3933868000,2024-02-16 00:00:00
CSED3,3.95,4.02,4.05,4.01,1950896000,2024-02-01 00:00:00
CSED3,3.98,3.98,4.03,4.03,1210134000,2024-01-31 00:00:00
CSED3,4,4.08,4.08,4.03,2326447000,2024-06-11 00:00:00
CSED3,4.01,3.98,3.98,3.97,1697657000,2024-01-30 00:00:00
CSED3,4.01,4.01,4.05,4.06,774711000,2024-01-29 00:00:00
CSED3,4.01,4.1,4.1,4.05,5292807000,2024-06-07 00:00:00
CSED3,4.04,3.8,3.83,3.89,2723446000,2024-02-05 00:00:00
CSED3,4.05,4.05,4.05,3.98,1822937000,2024-02-02 00:00:00
CSED3,4.05,4.17,4.17,4.08,1139286000,2024-04-25 00:00:00
CSED3,4.07,3.93,3.93,3.94,5765933000,2024-06-12 00:00:00
CSED3,4.1,3.99,3.95,3.98,4166776000,2024-06-10 00:00:00
CSED3,4.12,3.79,3.8,3.89,2573902000,2024-04-15 00:00:00
CSED3,4.15,4.39,4.39,4.28,1735102000,2024-04-26 00:00:00
CSED3,4.19,4.29,4.3,4.24,2055158000,2024-02-19 00:00:00
CSED3,4.23,4.01,4.02,4.03,1938393000,2024-05-31 00:00:00
CSED3,4.23,4.08,4.13,4.14,1978726000,2024-01-26 00:00:00
CSED3,4.24,4.33,4.34,4.31,10536544000,2024-05-02 00:00:00
CSED3,4.25,4.31,4.32,4.29,742211000,2024-02-26 00:00:00
CSED3,4.26,4.02,4.03,4.07,2473546000,2024-04-30 00:00:00
CSED3,4.27,4.18,4.2,4.21,1729394000,2024-05-29 00:00:00
CSED3,4.28,4.48,4.48,4.33,2869082000,2024-02-20 00:00:00
CSED3,4.29,4.35,4.35,4.31,1643273000,2024-05-14 00:00:00
CSED3,4.3,4.12,4.12,4.18,1091952000,2024-04-12 00:00:00
CSED3,4.3,4.38,4.38,4.31,3284235000,2024-05-24 00:00:00
CSED3,4.32,4.21,4.28,4.31,3350212000,2024-04-29 00:00:00
CSED3,4.33,4.31,4.31,4.27,2672922000,2024-05-23 00:00:00
CSED3,4.33,4.59,4.59,4.49,2687494000,2024-02-27 00:00:00
CSED3,4.35,4.19,0,4.22,2326154000,2024-02-23 00:00:00
CSED3,4.35,4.38,4.38,4.34,1860412000,2024-05-20 00:00:00
CSED3,4.35,4.43,4.46,4.44,4643747000,2024-01-23 00:00:00
CSED3,4.35,4.46,4.46,4.41,2070952000,2024-05-21 00:00:00
CSED3,4.35,4.53,4.54,4.42,3453465000,2024-05-15 00:00:00
CSED3,4.37,4.29,4.31,4.32,2017542000,2024-05-13 00:00:00
CSED3,4.37,4.34,4.34,4.35,2507334000,2024-02-22 00:00:00
CSED3,4.38,4.22,4.22,4.27,2089851000,2024-01-25 00:00:00
CSED3,4.38,4.54,4.55,4.47,9234282000,2024-05-03 00:00:00
CSED3,4.4,4.27,4.27,4.3,1764457000,2024-05-28 00:00:00
CSED3,4.4,4.36,4.32,4.32,901125000,2024-04-11 00:00:00
CSED3,4.4,4.58,4.58,4.52,3782193000,2024-03-05 00:00:00
CSED3,4.43,4.34,4.34,4.31,2007305000,2024-05-27 00:00:00
CSED3,4.43,4.43,4.43,4.37,2201419000,2024-05-08 00:00:00
CSED3,4.43,4.49,4.49,4.31,2588428000,2024-05-09 00:00:00
CSED3,4.43,4.5,4.5,4.48,3192802000,2024-05-07 00:00:00
CSED3,4.44,4.46,4.55,4.5,2016970000,2024-04-08 00:00:00
CSED3,4.45,4.45,4.5,4.5,1070909000,2024-04-04 00:00:00
CSED3,4.46,4.36,4.36,4.34,2770434000,2024-05-22 00:00:00
CSED3,4.47,4.39,4.39,4.4,2546751000,2024-04-10 00:00:00
CSED3,4.47,4.66,4.66,4.56,1867801000,2024-03-12 00:00:00
CSED3,4.48,4.4,4.4,4.44,1021559000,2024-04-05 00:00:00
CSED3,4.5,4.35,4.35,4.39,3510538000,2024-01-24 00:00:00
CSED3,4.5,4.35,4.4,4.38,3322827000,2024-02-21 00:00:00
CSED3,4.52,4.4,4.4,4.45,963278000,2024-05-06 00:00:00
CSED3,4.53,4.41,4.43,4.44,1199861000,2024-05-17 00:00:00
CSED3,4.55,4.37,4.42,4.49,2148292000,2024-01-22 00:00:00
CSED3,4.55,4.48,4.48,4.52,1320191000,2024-04-09 00:00:00
CSED3,4.55,4.65,0,4.59,1345382000,2024-03-08 00:00:00
CSED3,4.56,4.61,4.61,4.5,4282601000,2024-02-29 00:00:00
CSED3,4.56,4.61,4.62,4.56,3570777000,2024-01-17 00:00:00
CSED3,4.57,4.54,4.54,4.52,1411622000,2024-05-16 00:00:00
CSED3,4.57,4.66,4.66,4.56,2959999000,2024-03-06 00:00:00
CSED3,4.58,4.45,4.45,4.48,1529348000,2024-04-03 00:00:00
CSED3,4.59,4.53,4.53,4.53,3097739000,2024-01-19 00:00:00
CSED3,4.59,4.53,4.56,4.54,2592403000,2024-04-02 00:00:00
CSED3,4.6,4.78,4.78,4.77,3349078000,2024-03-28 00:00:00
CSED3,4.63,4.69,4.69,4.63,2472868000,2024-03-01 00:00:00
CSED3,4.64,4.6,4.6,4.68,1647864000,2024-01-18 00:00:00
CSED3,4.64,4.66,4.67,4.65,940809000,2024-03-26 00:00:00
CSED3,4.64,4.77,4.77,4.7,926193000,2024-03-20 00:00:00
CSED3,4.64,4.78,4.78,4.6,5537791000,2024-03-13 00:00:00
CSED3,4.65,4.45,4.51,4.51,1867459000,2024-03-11 00:00:00
CSED3,4.65,4.63,4.63,4.56,1469143000,2024-02-28 00:00:00
CSED3,4.65,4.63,4.67,4.61,1100279000,2024-03-27 00:00:00
CSED3,4.66,4.62,4.66,4.63,1235907000,2024-03-07 00:00:00
CSED3,4.68,4.69,4.69,4.63,1366073000,2024-03-18 00:00:00
CSED3,4.68,4.69,4.69,4.65,1433516000,2024-03-22 00:00:00
CSED3,4.69,4.64,4.67,4.66,773026000,2024-03-25 00:00:00
CSED3,4.7,4.45,4.45,4.51,10676628000,2024-05-10 00:00:00
CSED3,4.7,4.6,4.66,4.57,2520695000,2024-03-15 00:00:00
CSED3,4.7,4.67,4.68,4.65,1062603000,2024-03-19 00:00:00
CSED3,4.73,4.35,4.4,4.41,3889770000,2024-03-04 00:00:00
CSED3,4.78,4.67,4.7,4.69,1194022000,2024-03-21 00:00:00
CSED3,4.78,4.7,4.73,4.72,1039901000,2024-03-14 00:00:00
CSED3,4.79,4.83,4.83,4.79,1301210000,2024-01-15 00:00:00
CSED3,4.79,4.84,4.84,4.81,2024278000,2024-01-12 00:00:00
CSED3,4.81,4.55,4.56,4.68,1687701000,2024-01-16 00:00:00
CSED3,4.83,4.82,4.83,4.75,2401348000,2024-01-11 00:00:00
CSED3,4.84,5,5,4.99,2865160000,2024-01-08 00:00:00
CSED3,4.85,4.86,4.89,4.88,1427540000,2024-01-05 00:00:00
CSED3,4.87,4.88,4.88,4.87,3176560000,2024-01-09 00:00:00
CSED3,4.92,4.55,4.56,4.59,3379781000,2024-04-01 00:00:00
CSED3,4.93,4.8,4.8,4.82,1183557000,2024-01-10 00:00:00
CSED3,5.04,4.83,4.89,4.9,2391204000,2024-01-04 00:00:00
CSED3,5.25,5,5.01,5.06,3193097000,2024-01-03 00:00:00
CSED3,5.32,5.15,5.16,5.2,2099842000,2024-01-02 00:00:00
CVCB3,1.78,1.92,1.93,1.89,66539291000,2024-04-19 00:00:00
CVCB3,1.86,1.93,1.93,1.9,23355448000,2024-06-11 00:00:00
CVCB3,1.88,1.8,1.81,1.84,58978823000,2024-04-18 00:00:00
CVCB3,1.88,1.9,1.91,1.89,28670933000,2024-06-07 00:00:00
CVCB3,1.9,1.9,1.9,1.89,18221615000,2024-06-21 00:00:00
CVCB3,1.9,1.93,1.94,1.93,20529374000,2024-06-13 00:00:00
CVCB3,1.91,1.87,1.88,1.89,13110736000,2024-06-10 00:00:00
CVCB3,1.91,1.89,1.89,1.89,17497588000,2024-06-19 00:00:00
CVCB3,1.91,1.91,1.91,1.9,20145855000,2024-06-20 00:00:00
CVCB3,1.92,1.94,1.95,1.97,26652218000,2024-06-06 00:00:00
CVCB3,1.93,1.95,1.95,1.96,24822816000,2024-06-03 00:00:00
CVCB3,1.93,2.01,2.01,1.96,17809310000,2024-06-14 00:00:00
CVCB3,1.94,1.9,1.9,1.9,26768064000,2024-06-12 00:00:00
CVCB3,1.94,1.91,1.92,1.94,14240315000,2024-06-05 00:00:00
CVCB3,1.95,1.94,1.94,1.93,15231585000,2024-06-04 00:00:00
CVCB3,1.97,1.98,1.98,1.96,83533870000,2024-04-16 00:00:00
CVCB3,1.97,2.01,2.02,2,32689412000,2024-05-17 00:00:00
CVCB3,1.97,2.13,2.13,2.05,52294071000,2024-04-22 00:00:00
CVCB3,1.98,1.93,1.94,1.95,16727325000,2024-05-31 00:00:00
CVCB3,1.99,1.91,1.91,1.95,16347002000,2024-06-18 00:00:00
CVCB3,2,1.98,1.98,1.99,24099777000,2024-05-29 00:00:00
CVCB3,2,2.01,2.02,1.98,21402839000,2024-04-25 00:00:00
CVCB3,2,2.04,2.05,2.04,25802095000,2024-05-20 00:00:00
CVCB3,2,2.05,2.05,2.01,13481351000,2024-05-23 00:00:00
CVCB3,2.01,1.88,1.88,1.93,67795213000,2024-04-17 00:00:00
CVCB3,2.01,2.02,2.04,2,13158283000,2024-06-17 00:00:00
CVCB3,2.03,2.05,2.06,2.05,14091496000,2024-05-21 00:00:00
CVCB3,2.04,2,2.01,2.01,13953063000,2024-05-22 00:00:00
CVCB3,2.04,2.11,2.12,2.07,14817207000,2024-05-27 00:00:00
CVCB3,2.05,2.04,2.05,2.06,14219478000,2024-05-24 00:00:00
CVCB3,2.05,2.1,2.1,2.07,23608919000,2024-04-26 00:00:00
CVCB3,2.07,2.01,2.03,2.03,31781622000,2024-04-30 00:00:00
CVCB3,2.08,2.26,2.26,2.2,59445571000,2024-05-02 00:00:00
CVCB3,2.09,2,2.01,2.01,37857863000,2024-04-24 00:00:00
CVCB3,2.1,2.08,2.09,2.1,25395312000,2024-04-29 00:00:00
CVCB3,2.12,1.99,2,2.01,58992575000,2024-05-16 00:00:00
CVCB3,2.12,2.08,2.09,2.14,52933580000,2024-04-23 00:00:00
CVCB3,2.14,2.04,2.04,2.06,23220950000,2024-05-28 00:00:00
CVCB3,2.2,2.23,2.23,2.23,17897183000,2024-05-14 00:00:00
CVCB3,2.22,2.15,2.15,2.18,23607424000,2024-05-15 00:00:00
CVCB3,2.23,2.03,2.04,2.1,88015851000,2024-04-15 00:00:00
CVCB3,2.23,2.21,2.22,2.22,14979370000,2024-05-13 00:00:00
CVCB3,2.26,2.37,2.37,2.29,39414774000,2024-05-08 00:00:00
CVCB3,2.28,2.27,2.28,2.26,26660713000,2024-05-09 00:00:00
CVCB3,2.31,2.25,2.25,2.29,35756743000,2024-05-10 00:00:00
CVCB3,2.35,2.24,2.24,2.28,88782566000,2024-04-12 00:00:00
CVCB3,2.37,2.37,2.38,2.38,30272305000,2024-05-06 00:00:00
CVCB3,2.38,2.32,2.32,2.34,44352250000,2024-05-07 00:00:00
CVCB3,2.38,2.39,2.4,2.36,61240511000,2024-05-03 00:00:00
CVCB3,2.45,2.36,2.36,2.38,56377784000,2024-04-11 00:00:00
CVCB3,2.58,2.46,2.47,2.5,74396297000,2024-04-10 00:00:00
CVCB3,2.66,2.6,2.61,2.61,83634684000,2024-04-09 00:00:00
CVCB3,2.67,2.7,2.7,2.67,70612161000,2024-04-03 00:00:00
CVCB3,2.7,2.69,2.7,2.67,63545331000,2024-04-02 00:00:00
CVCB3,2.72,2.77,2.78,2.76,78497739000,2024-04-04 00:00:00
CVCB3,2.73,2.67,2.67,2.69,50819302000,2024-04-08 00:00:00
CVCB3,2.78,2.73,2.74,2.75,35703579000,2024-04-05 00:00:00
CVCB3,2.87,2.91,2.91,2.97,81049787000,2024-01-31 00:00:00
CVCB3,2.89,2.73,2.74,2.78,101830659000,2024-04-01 00:00:00
CVCB3,2.94,2.87,2.88,2.91,43816010000,2024-01-30 00:00:00
CVCB3,2.94,3.06,3.07,3.03,88412476000,2024-02-01 00:00:00
CVCB3,3.03,2.9,2.91,2.91,161861659000,2024-03-28 00:00:00
CVCB3,3.03,3.07,3.07,3.06,59984107000,2024-02-05 00:00:00
CVCB3,3.06,2.97,2.97,2.98,79062082000,2024-01-29 00:00:00
CVCB3,3.06,3.03,3.04,3.05,76858241000,2024-02-02 00:00:00
CVCB3,3.08,3.15,3.15,3.14,56183792000,2024-02-06 00:00:00
CVCB3,3.11,3.15,3.16,3.1,47792926000,2024-02-08 00:00:00
CVCB3,3.12,3.09,3.1,3.08,55794561000,2024-02-07 00:00:00
CVCB3,3.13,3.18,0,3.16,58045944000,2024-02-09 00:00:00
CVCB3,3.14,3.3,3.3,3.21,48796886000,2024-02-19 00:00:00
CVCB3,3.16,3.16,3.16,3.16,15831562000,2024-02-26 00:00:00
CVCB3,3.16,3.17,3.17,3.16,32222065000,2024-02-14 00:00:00
CVCB3,3.17,3.15,3.16,3.15,37932207000,2024-02-16 00:00:00
CVCB3,3.17,3.32,3.33,3.26,46187654000,2024-01-08 00:00:00
CVCB3,3.19,3.03,3.04,3.05,116993949000,2024-03-27 00:00:00
CVCB3,3.2,3.14,3.14,3.17,41141126000,2024-02-15 00:00:00
CVCB3,3.2,3.18,3.19,3.22,72734903000,2024-01-05 00:00:00
CVCB3,3.2,3.21,3.21,3.25,78832725000,2024-01-25 00:00:00
CVCB3,3.2,3.22,3.23,3.21,25984204000,2024-01-23 00:00:00
CVCB3,3.2,3.31,3.31,3.28,63885678000,2024-02-27 00:00:00
CVCB3,3.21,3.07,3.08,3.1,101466643000,2024-01-26 00:00:00
CVCB3,3.23,3.31,3.32,3.32,65484247000,2024-01-12 00:00:00
CVCB3,3.24,3.26,3.27,3.23,60142163000,2024-01-18 00:00:00
CVCB3,3.24,3.37,0,3.34,40406624000,2024-03-08 00:00:00
CVCB3,3.25,3.16,3.17,3.22,26548909000,2024-01-24 00:00:00
CVCB3,3.25,3.32,3.32,3.31,79685460000,2024-02-20 00:00:00
CVCB3,3.26,3.22,3.23,3.22,46003029000,2024-01-11 00:00:00
CVCB3,3.26,3.26,3.26,3.25,53811839000,2024-02-22 00:00:00
CVCB3,3.26,3.3,3.31,3.28,28912423000,2024-03-25 00:00:00
CVCB3,3.27,3.17,3.19,3.18,54677323000,2024-01-22 00:00:00
CVCB3,3.27,3.24,3.25,3.28,33068892000,2024-03-26 00:00:00
CVCB3,3.27,3.35,3.36,3.26,46154266000,2024-01-15 00:00:00
CVCB3,3.28,3.19,0,3.19,40569101000,2024-02-23 00:00:00
CVCB3,3.28,3.19,3.2,3.2,78451221000,2024-01-17 00:00:00
CVCB3,3.28,3.26,3.27,3.3,60941744000,2024-01-03 00:00:00
CVCB3,3.28,3.3,3.3,3.28,35875585000,2024-02-28 00:00:00
CVCB3,3.28,3.35,3.36,3.29,31900299000,2024-02-29 00:00:00
CVCB3,3.28,3.4,3.4,3.35,79688875000,2024-01-09 00:00:00
CVCB3,3.29,3.25,3.28,3.23,56481110000,2024-01-19 00:00:00
CVCB3,3.3,3.19,3.2,3.2,65558042000,2024-01-04 00:00:00
CVCB3,3.31,3.23,3.23,3.23,46693085000,2024-02-21 00:00:00
CVCB3,3.32,3.39,3.4,3.36,37163504000,2024-03-12 00:00:00
CVCB3,3.34,3.28,3.29,3.3,25009708000,2024-03-11 00:00:00
CVCB3,3.34,3.43,3.43,3.4,79347277000,2024-03-01 00:00:00
CVCB3,3.35,3.29,3.29,3.28,53835128000,2024-01-16 00:00:00
CVCB3,3.36,3.39,3.4,3.36,28525806000,2024-03-15 00:00:00
CVCB3,3.38,3.39,3.39,3.37,16063167000,2024-03-19 00:00:00
CVCB3,3.38,3.52,3.52,3.49,81230818000,2024-03-05 00:00:00
CVCB3,3.39,3.25,3.26,3.27,61537310000,2024-01-10 00:00:00
CVCB3,3.39,3.26,3.26,3.29,54325169000,2024-03-22 00:00:00
CVCB3,3.39,3.57,3.58,3.48,61233982000,2024-03-20 00:00:00
CVCB3,3.4,3.36,3.37,3.41,40925253000,2024-03-18 00:00:00
CVCB3,3.4,3.42,3.43,3.38,37721480000,2024-03-13 00:00:00
CVCB3,3.41,3.29,3.29,3.33,44087890000,2024-03-07 00:00:00
CVCB3,3.42,3.34,3.35,3.36,34990177000,2024-03-04 00:00:00
CVCB3,3.44,3.36,3.36,3.37,29990658000,2024-03-14 00:00:00
CVCB3,3.5,3.28,3.29,3.35,131235148000,2024-01-02 00:00:00
CVCB3,3.53,3.39,3.39,3.42,57673852000,2024-03-21 00:00:00
CVCB3,3.59,3.38,3.39,3.48,66361700000,2024-03-06 00:00:00
HBSA3,3.4,3.51,0,3.48,14281902000,2024-03-08 00:00:00
HBSA3,3.43,3.63,3.63,3.57,15420976000,2024-03-21 00:00:00
HBSA3,3.43,3.77,3.78,3.59,11027785000,2024-06-21 00:00:00
HBSA3,3.44,3.4,3.42,3.4,5119062000,2024-06-19 00:00:00
HBSA3,3.46,3.44,3.45,3.43,9463854000,2024-06-20 00:00:00
HBSA3,3.49,3.44,3.45,3.46,14274790000,2024-06-18 00:00:00
HBSA3,3.49,3.5,3.54,3.49,9542495000,2024-03-15 00:00:00
HBSA3,3.49,3.52,3.52,3.52,8791029000,2024-03-11 00:00:00
HBSA3,3.5,3.45,3.47,3.46,14544890000,2024-03-20 00:00:00
HBSA3,3.51,3.51,3.52,3.49,9077004000,2024-03-13 00:00:00
HBSA3,3.51,3.51,3.55,3.51,21995395000,2024-03-14 00:00:00
HBSA3,3.52,3.52,3.52,3.5,10127697000,2024-03-18 00:00:00
HBSA3,3.52,3.53,3.56,3.52,5279141000,2024-03-19 00:00:00
HBSA3,3.54,3.5,3.5,3.49,11756534000,2024-03-12 00:00:00
HBSA3,3.56,3.53,3.54,3.55,10166887000,2024-06-17 00:00:00
HBSA3,3.56,3.59,3.59,3.55,20715239000,2024-02-16 00:00:00
HBSA3,3.57,3.63,3.64,3.59,11827001000,2024-02-20 00:00:00
HBSA3,3.58,3.55,3.56,3.56,12547377000,2024-02-15 00:00:00
HBSA3,3.58,3.57,3.58,3.56,8024040000,2024-02-19 00:00:00
HBSA3,3.58,3.68,3.69,3.65,9362218000,2024-06-11 00:00:00
HBSA3,3.59,3.62,3.62,3.6,11236553000,2024-06-14 00:00:00
HBSA3,3.61,3.56,3.57,3.58,9084227000,2024-03-22 00:00:00
HBSA3,3.61,3.6,3.62,3.61,8935230000,2024-06-13 00:00:00
HBSA3,3.61,3.65,3.65,3.61,17170357000,2024-03-05 00:00:00
HBSA3,3.61,3.72,3.72,3.68,27419940000,2024-02-21 00:00:00
HBSA3,3.62,3.56,3.57,3.58,14632266000,2024-02-14 00:00:00
HBSA3,3.63,3.44,3.45,3.47,43412817000,2024-03-07 00:00:00
HBSA3,3.63,3.73,3.74,3.7,20563846000,2024-01-03 00:00:00
HBSA3,3.64,3.63,0,3.64,11951036000,2024-02-09 00:00:00
HBSA3,3.64,3.63,3.64,3.63,24780894000,2024-03-06 00:00:00
HBSA3,3.67,3.69,3.69,3.72,12939467000,2024-01-05 00:00:00
HBSA3,3.67,3.73,3.73,3.69,13370106000,2024-02-07 00:00:00
HBSA3,3.68,3.73,3.74,3.78,17286968000,2024-01-31 00:00:00
HBSA3,3.69,3.58,3.59,3.59,11651447000,2024-06-10 00:00:00
HBSA3,3.69,3.67,3.69,3.69,15942538000,2024-02-06 00:00:00
HBSA3,3.7,3.71,3.72,3.71,13539747000,2024-01-29 00:00:00
HBSA3,3.7,3.74,3.75,3.69,19278654000,2024-02-02 00:00:00
HBSA3,3.7,3.79,3.83,3.75,10884175000,2024-01-19 00:00:00
HBSA3,3.7,3.79,3.83,3.76,17510887000,2024-01-08 00:00:00
HBSA3,3.71,3.68,3.69,3.7,13109564000,2024-01-04 00:00:00
HBSA3,3.72,3.69,3.72,3.7,7600685000,2024-01-30 00:00:00
HBSA3,3.73,3.86,3.86,3.83,13924501000,2024-02-22 00:00:00
HBSA3,3.74,3.62,3.63,3.66,18933263000,2024-03-04 00:00:00
HBSA3,3.74,3.64,3.65,3.65,11785287000,2024-02-08 00:00:00
HBSA3,3.74,3.68,3.69,3.7,17068409000,2024-02-05 00:00:00
HBSA3,3.74,3.78,3.79,3.76,11998542000,2024-01-23 00:00:00
HBSA3,3.75,3.61,3.63,3.62,11227962000,2024-06-12 00:00:00
HBSA3,3.75,3.68,3.69,3.67,12722336000,2024-02-01 00:00:00
HBSA3,3.75,3.7,3.71,3.7,9818783000,2024-01-18 00:00:00
HBSA3,3.75,3.76,3.77,3.75,8689028000,2024-01-17 00:00:00
HBSA3,3.75,3.78,3.78,3.77,9411495000,2024-02-26 00:00:00
HBSA3,3.77,3.7,3.7,3.71,10881594000,2024-01-26 00:00:00
HBSA3,3.77,3.82,3.83,3.81,7932341000,2024-01-09 00:00:00
HBSA3,3.79,3.73,3.73,3.74,10939088000,2024-01-22 00:00:00
HBSA3,3.79,3.76,3.77,3.71,24255601000,2024-01-16 00:00:00
HBSA3,3.79,3.76,3.77,3.76,16857258000,2024-01-25 00:00:00
HBSA3,3.8,3.78,3.79,3.78,9974092000,2024-01-24 00:00:00
HBSA3,3.81,3.8,3.8,3.82,25575230000,2024-01-11 00:00:00
HBSA3,3.82,3.84,3.84,3.81,10017973000,2024-02-29 00:00:00
HBSA3,3.82,3.85,3.85,3.84,10938828000,2024-01-12 00:00:00
HBSA3,3.84,3.74,3.74,3.76,24652513000,2024-03-01 00:00:00
HBSA3,3.84,3.78,3.78,3.79,14594796000,2024-01-10 00:00:00
HBSA3,3.85,3.8,3.81,3.83,19310005000,2024-01-15 00:00:00
HBSA3,3.85,3.87,3.87,3.84,14762662000,2024-02-27 00:00:00
HBSA3,3.86,3.82,3.83,3.82,9911703000,2024-02-28 00:00:00
HBSA3,3.87,3.77,0,3.77,10850542000,2024-02-23 00:00:00
HBSA3,3.93,3.67,3.7,3.74,30586988000,2024-01-02 00:00:00
HBSA3,3.93,4.09,4.09,4.01,112919292000,2024-03-25 00:00:00
HBSA3,3.94,3.96,3.98,3.96,15232782000,2024-06-05 00:00:00
HBSA3,3.96,3.69,3.69,3.71,36818710000,2024-06-07 00:00:00
HBSA3,3.96,3.94,3.95,3.93,24410817000,2024-05-23 00:00:00
HBSA3,3.96,3.99,4,3.95,17494162000,2024-06-06 00:00:00
HBSA3,3.96,4.02,4.03,3.99,34243192000,2024-05-24 00:00:00
HBSA3,3.99,4.05,4.06,4.01,55431974000,2024-04-16 00:00:00
HBSA3,4,4.1,4.11,4.04,28951646000,2024-04-18 00:00:00
HBSA3,4.01,3.96,3.96,3.94,20549453000,2024-05-22 00:00:00
HBSA3,4.01,4.02,4.04,3.99,11739430000,2024-05-27 00:00:00
HBSA3,4.01,4.07,4.07,4.02,12821068000,2024-06-03 00:00:00
HBSA3,4.01,4.19,4.19,4.12,37282653000,2024-03-27 00:00:00
HBSA3,4.02,3.96,3.97,3.98,21855405000,2024-06-04 00:00:00
HBSA3,4.06,4.01,4.02,4.01,13721627000,2024-05-21 00:00:00
HBSA3,4.06,4.1,4.11,4.09,36472166000,2024-05-28 00:00:00
HBSA3,4.07,4.1,4.12,4.05,22860640000,2024-05-29 00:00:00
HBSA3,4.08,4,4.02,4.03,29497214000,2024-04-17 00:00:00
HBSA3,4.08,4.01,4.03,4.04,20813813000,2024-05-31 00:00:00
HBSA3,4.08,4.14,4.15,4.15,26346834000,2024-04-19 00:00:00
HBSA3,4.1,4,4.01,4.03,47322870000,2024-04-15 00:00:00
HBSA3,4.1,4.2,4.21,4.11,34860783000,2024-04-23 00:00:00
HBSA3,4.11,3.99,4,4.06,191476828000,2024-03-26 00:00:00
HBSA3,4.13,4.16,4.17,4.16,12735649000,2024-05-14 00:00:00
HBSA3,4.14,4.23,4.24,4.22,21907409000,2024-05-15 00:00:00
HBSA3,4.15,4.21,4.24,4.17,52968518000,2024-04-11 00:00:00
HBSA3,4.17,4.09,4.09,4.08,14087121000,2024-05-20 00:00:00
HBSA3,4.17,4.11,4.13,4.06,49103660000,2024-04-22 00:00:00
HBSA3,4.18,4.24,4.25,4.26,43817743000,2024-05-10 00:00:00
HBSA3,4.19,4.16,4.2,4.15,23878281000,2024-04-05 00:00:00
HBSA3,4.19,4.2,4.21,4.2,18546159000,2024-04-08 00:00:00
HBSA3,4.2,4.17,4.18,4.18,7997411000,2024-05-17 00:00:00
HBSA3,4.2,4.29,4.29,4.27,12845248000,2024-03-28 00:00:00
HBSA3,4.21,4.09,4.09,4.13,29856105000,2024-04-12 00:00:00
HBSA3,4.21,4.19,4.22,4.19,19924415000,2024-04-25 00:00:00
HBSA3,4.21,4.21,4.22,4.18,21718460000,2024-04-24 00:00:00
HBSA3,4.21,4.32,4.33,4.32,16969431000,2024-04-26 00:00:00
HBSA3,4.22,4.16,4.17,4.18,46277672000,2024-04-10 00:00:00
HBSA3,4.22,4.17,4.17,4.15,37989346000,2024-04-04 00:00:00
HBSA3,4.23,4.2,4.23,4.24,26538433000,2024-04-09 00:00:00
HBSA3,4.24,4.13,4.15,4.15,12572800000,2024-05-13 00:00:00
HBSA3,4.28,4.33,4.34,4.34,31734437000,2024-04-02 00:00:00
HBSA3,4.29,4.23,4.24,4.22,9398870000,2024-05-16 00:00:00
HBSA3,4.29,4.28,4.31,4.3,22034043000,2024-04-01 00:00:00
HBSA3,4.32,4.22,4.24,4.26,15850657000,2024-04-03 00:00:00
HBSA3,4.33,4.37,4.37,4.35,10820907000,2024-04-29 00:00:00
HBSA3,4.34,4.39,4.39,4.35,49934202000,2024-04-30 00:00:00
HBSA3,4.38,4.41,4.41,4.39,13894398000,2024-05-07 00:00:00
HBSA3,4.4,4.2,4.21,4.23,17842747000,2024-05-09 00:00:00
HBSA3,4.4,4.38,4.4,4.41,22827418000,2024-05-06 00:00:00
HBSA3,4.4,4.41,4.41,4.37,33536451000,2024-05-08 00:00:00
HBSA3,4.43,4.54,4.55,4.5,268556996000,2024-05-02 00:00:00
HBSA3,4.62,4.45,4.46,4.55,61050105000,2024-05-03 00:00:00
LWSA3,4,4.05,4.06,4.02,22052218000,2024-06-19 00:00:00
LWSA3,4.01,3.99,4,4,20833464000,2024-06-21 00:00:00
LWSA3,4.05,3.98,3.98,4,25846225000,2024-06-18 00:00:00
LWSA3,4.09,4.02,4.03,4.06,28288467000,2024-06-20 00:00:00
LWSA3,4.09,4.27,4.28,4.22,56545283000,2024-05-29 00:00:00
LWSA3,4.12,4.14,4.15,4.15,28203668000,2024-05-24 00:00:00
LWSA3,4.13,4.2,4.2,4.21,25616041000,2024-06-14 00:00:00
LWSA3,4.14,4.12,4.13,4.18,31735324000,2024-06-13 00:00:00
LWSA3,4.14,4.2,4.21,4.18,22386414000,2024-05-27 00:00:00
LWSA3,4.15,4.1,4.11,4.09,83179053000,2024-05-23 00:00:00
LWSA3,4.17,4.02,4.03,4.07,30681013000,2024-06-17 00:00:00
LWSA3,4.22,4.19,4.2,4.25,44949951000,2024-06-10 00:00:00
LWSA3,4.23,4.13,4.14,4.2,31336751000,2024-05-28 00:00:00
LWSA3,4.23,4.3,4.31,4.27,27948384000,2024-06-11 00:00:00
LWSA3,4.29,4.33,4.33,4.29,31149858000,2024-05-31 00:00:00
LWSA3,4.38,4.13,4.13,4.18,60911883000,2024-06-12 00:00:00
LWSA3,4.39,4.61,4.44,4.56,55442851000,2024-06-06 00:00:00
LWSA3,4.44,4.13,4.14,4.24,48643508000,2024-05-22 00:00:00
LWSA3,4.46,4.49,4.5,4.5,58004061000,2024-06-04 00:00:00
LWSA3,4.5,4.22,4.22,4.32,76759503000,2024-06-07 00:00:00
LWSA3,4.5,4.34,4.34,4.33,54434464000,2024-06-05 00:00:00
LWSA3,4.5,4.5,4.51,4.6,83237821000,2024-06-03 00:00:00
LWSA3,4.58,4.45,4.46,4.46,27367336000,2024-05-21 00:00:00
LWSA3,4.62,4.58,4.58,4.61,28476326000,2024-05-20 00:00:00
LWSA3,4.62,4.63,4.64,4.62,16382925000,2024-05-17 00:00:00
LWSA3,4.63,4.7,4.71,4.65,49067622000,2024-04-26 00:00:00
LWSA3,4.7,4.75,4.76,4.72,29335710000,2024-04-29 00:00:00
LWSA3,4.7,4.93,4.93,4.86,34704962000,2024-05-02 00:00:00
LWSA3,4.71,4.58,4.58,4.62,34627098000,2024-04-25 00:00:00
LWSA3,4.71,4.6,4.61,4.59,43560644000,2024-04-30 00:00:00
LWSA3,4.71,4.71,4.74,4.73,26398208000,2024-05-15 00:00:00
LWSA3,4.74,4.64,4.64,4.55,62200762000,2024-05-16 00:00:00
LWSA3,4.77,4.75,4.75,4.77,15921793000,2024-05-14 00:00:00
LWSA3,4.83,4.87,4.88,4.88,23958548000,2024-04-19 00:00:00
LWSA3,4.83,5.13,5.13,4.94,59351770000,2024-05-09 00:00:00
LWSA3,4.84,4.86,4.87,4.83,26058183000,2024-04-23 00:00:00
LWSA3,4.85,4.93,4.93,4.88,15115658000,2024-05-08 00:00:00
LWSA3,4.86,4.74,4.77,4.79,26279913000,2024-04-24 00:00:00
LWSA3,4.88,4.9,4.91,4.9,25231072000,2024-04-22 00:00:00
LWSA3,4.89,5.03,5.07,4.93,45377335000,2024-04-17 00:00:00
LWSA3,4.91,4.77,4.77,4.78,24495200000,2024-05-13 00:00:00
LWSA3,4.95,4.93,4.93,4.92,27727358000,2024-05-07 00:00:00
LWSA3,4.99,4.95,4.95,4.98,16760471000,2024-05-06 00:00:00
LWSA3,5.01,4.85,4.86,4.91,46490160000,2024-04-16 00:00:00
LWSA3,5.03,4.87,4.87,4.92,30414232000,2024-04-18 00:00:00
LWSA3,5.07,5,5,5.03,35315208000,2024-05-03 00:00:00
LWSA3,5.1,5.25,5.26,5.2,49045304000,2024-02-06 00:00:00
LWSA3,5.2,4.92,4.92,4.86,85547158000,2024-05-10 00:00:00
LWSA3,5.2,5.51,5.51,5.41,59273230000,2024-02-07 00:00:00
LWSA3,5.21,5.07,5.09,5.12,36981219000,2024-04-15 00:00:00
LWSA3,5.21,5.27,5.28,5.28,27902686000,2024-04-05 00:00:00
LWSA3,5.25,5.46,5.47,5.49,87767102000,2024-01-31 00:00:00
LWSA3,5.29,5.2,5.21,5.27,33293769000,2024-04-04 00:00:00
LWSA3,5.3,5.08,5.08,5.07,58071615000,2024-02-05 00:00:00
LWSA3,5.3,5.32,5.32,5.29,24363255000,2024-04-08 00:00:00
LWSA3,5.33,5.42,5.43,5.42,44964323000,2024-02-16 00:00:00
LWSA3,5.34,5.47,5.47,5.44,39095617000,2024-04-09 00:00:00
LWSA3,5.36,5.27,5.28,5.28,38635483000,2024-04-03 00:00:00
LWSA3,5.36,5.46,5.47,5.4,33950554000,2024-04-11 00:00:00
LWSA3,5.38,5.6,5.6,5.61,59361083000,2024-01-05 00:00:00
LWSA3,5.4,5.38,5.39,5.36,44788054000,2024-04-02 00:00:00
LWSA3,5.42,5.66,5.68,5.53,52930506000,2024-02-19 00:00:00
LWSA3,5.43,5.21,5.21,5.2,53816162000,2024-04-12 00:00:00
LWSA3,5.44,5.42,5.44,5.37,47776519000,2024-04-10 00:00:00
LWSA3,5.44,5.52,5.52,5.47,33504943000,2024-02-22 00:00:00
LWSA3,5.44,5.52,5.54,5.51,18788659000,2024-02-26 00:00:00
LWSA3,5.46,5.56,5.56,5.47,38978950000,2024-02-01 00:00:00
LWSA3,5.47,5.51,5.51,5.45,35948894000,2024-02-08 00:00:00
LWSA3,5.49,5.25,5.26,5.28,52837552000,2024-01-30 00:00:00
LWSA3,5.49,5.28,5.28,5.29,45398481000,2024-02-15 00:00:00
LWSA3,5.5,5.45,0,5.45,16009498000,2024-02-23 00:00:00
LWSA3,5.5,5.46,5.46,5.42,24716844000,2024-02-14 00:00:00
LWSA3,5.5,5.59,0,5.63,36353995000,2024-02-09 00:00:00
LWSA3,5.51,5.57,5.58,5.6,41215395000,2024-02-29 00:00:00
LWSA3,5.52,5.38,5.38,5.37,39134794000,2024-02-21 00:00:00
LWSA3,5.54,5.55,5.56,5.53,56407029000,2024-01-26 00:00:00
LWSA3,5.54,5.57,5.57,5.52,49933554000,2024-01-23 00:00:00
LWSA3,5.55,5.42,5.43,5.45,40140567000,2024-01-04 00:00:00
LWSA3,5.55,5.49,5.51,5.51,42343492000,2024-01-29 00:00:00
LWSA3,5.56,5.34,5.36,5.42,49559487000,2024-02-02 00:00:00
LWSA3,5.56,5.51,5.52,5.51,60494806000,2024-01-25 00:00:00
LWSA3,5.58,5.51,5.52,5.57,45902854000,2024-01-03 00:00:00
LWSA3,5.58,5.66,5.69,5.61,36890767000,2024-02-27 00:00:00
LWSA3,5.58,5.75,5.76,5.75,36484592000,2024-03-01 00:00:00
LWSA3,5.6,5.51,5.52,5.65,65902126000,2024-01-24 00:00:00
LWSA3,5.6,5.8,5.8,5.69,46265603000,2024-01-08 00:00:00
LWSA3,5.61,5.54,5.54,5.52,38177024000,2024-02-20 00:00:00
LWSA3,5.61,5.56,5.56,5.57,32914739000,2024-02-28 00:00:00
LWSA3,5.64,5.84,5.85,5.81,45454376000,2024-03-05 00:00:00
LWSA3,5.66,5.73,0,5.7,41242849000,2024-03-08 00:00:00
LWSA3,5.68,5.81,5.82,5.78,34144130000,2024-03-18 00:00:00
LWSA3,5.7,5.77,5.78,5.74,33462567000,2024-03-11 00:00:00
LWSA3,5.73,5.47,5.48,5.57,79343101000,2024-04-01 00:00:00
LWSA3,5.75,5.64,5.65,5.61,26483408000,2024-03-04 00:00:00
LWSA3,5.77,5.49,5.5,5.55,67434938000,2024-01-22 00:00:00
LWSA3,5.8,5.66,5.67,5.65,79897362000,2024-03-15 00:00:00
LWSA3,5.8,5.74,5.74,5.75,18552237000,2024-03-07 00:00:00
LWSA3,5.8,5.88,5.88,5.8,37822096000,2024-03-12 00:00:00
LWSA3,5.82,5.88,5.89,5.84,36431524000,2024-03-19 00:00:00
LWSA3,5.83,5.87,5.88,5.85,35309829000,2024-03-25 00:00:00
LWSA3,5.83,5.9,5.9,5.87,38695518000,2024-03-13 00:00:00
LWSA3,5.88,5.94,5.95,5.89,43776210000,2024-03-20 00:00:00
LWSA3,5.88,6,6,5.93,35201805000,2024-03-26 00:00:00
LWSA3,5.9,5.8,5.81,5.8,29466498000,2024-03-06 00:00:00
LWSA3,5.9,5.8,5.81,5.81,34874820000,2024-03-14 00:00:00
LWSA3,5.92,5.76,5.78,5.7,134545555000,2024-01-19 00:00:00
LWSA3,5.94,6.12,6.13,6.06,132147291000,2024-01-09 00:00:00
LWSA3,5.97,5.84,5.85,5.83,55759433000,2024-03-28 00:00:00
LWSA3,5.98,6.01,6.02,5.99,53459016000,2024-03-27 00:00:00
LWSA3,5.99,5.57,5.57,5.73,67862248000,2024-01-02 00:00:00
LWSA3,6,5.83,5.84,5.84,61524759000,2024-03-22 00:00:00
LWSA3,6.05,6.14,6.15,6.17,71318890000,2024-01-17 00:00:00
LWSA3,6.11,6.05,6.05,6.05,109921069000,2024-03-21 00:00:00
LWSA3,6.14,6.24,6.25,6.3,73982506000,2024-01-12 00:00:00
LWSA3,6.15,6.18,6.18,6.12,55338313000,2024-01-10 00:00:00
LWSA3,6.18,6.04,6.05,6.04,57804005000,2024-01-16 00:00:00
LWSA3,6.21,5.88,5.88,5.96,68343495000,2024-01-18 00:00:00
LWSA3,6.21,6.13,6.14,6.13,66706586000,2024-01-11 00:00:00
LWSA3,6.24,6.2,6.21,6.19,25566411000,2024-01-15 00:00:00
NINJ3,4.41,4.45,4.75,4.32,410022000,2024-06-07 00:00:00
NINJ3,4.5,4.41,4.49,4.47,67111000,2024-06-06 00:00:00
NINJ3,4.51,4.58,4.58,4.54,88240000,2024-06-12 00:00:00
NINJ3,4.54,4.49,4.49,4.53,107850000,2024-06-21 00:00:00
NINJ3,4.54,4.5,4.53,4.47,67956000,2024-06-10 00:00:00
NINJ3,4.54,4.58,4.68,4.6,184007000,2024-06-19 00:00:00
NINJ3,4.55,4.6,4.61,4.57,43466000,2024-06-13 00:00:00
NINJ3,4.57,4.58,4.59,4.51,89405000,2024-06-11 00:00:00
NINJ3,4.58,4.57,4.57,4.57,119475000,2024-06-17 00:00:00
NINJ3,4.59,4.59,4.59,4.59,1661812000,2024-06-20 00:00:00
NINJ3,4.6,4.58,4.58,4.61,166087000,2024-06-18 00:00:00
NINJ3,4.62,4.6,4.6,4.6,44173000,2024-06-14 00:00:00
NINJ3,4.63,4.49,4.49,4.52,138494000,2024-06-05 00:00:00
NINJ3,4.65,4.55,4.62,4.57,349988000,2024-06-04 00:00:00
NINJ3,4.65,4.7,4.7,4.7,325778000,2024-05-31 00:00:00
NINJ3,4.66,4.65,4.69,4.67,356652000,2024-06-03 00:00:00
NINJ3,4.68,4.77,4.77,4.74,78764000,2024-05-15 00:00:00
NINJ3,4.68,4.8,4.83,4.65,101483000,2024-04-25 00:00:00
NINJ3,4.7,4.69,4.69,4.7,460901000,2024-05-29 00:00:00
NINJ3,4.7,4.81,4.89,4.8,170891000,2024-04-29 00:00:00
NINJ3,4.71,4.77,4.77,4.76,51505000,2024-05-20 00:00:00
NINJ3,4.71,4.86,4.87,4.79,159171000,2024-05-10 00:00:00
NINJ3,4.71,4.9,4.9,4.78,65122000,2024-05-06 00:00:00
NINJ3,4.72,4.69,4.69,4.43,1144513000,2024-04-24 00:00:00
NINJ3,4.72,4.7,4.74,4.73,258713000,2024-05-28 00:00:00
NINJ3,4.75,4.78,4.78,4.76,83390000,2024-05-17 00:00:00
NINJ3,4.75,4.9,4.9,4.79,58541000,2024-05-02 00:00:00
NINJ3,4.76,4.81,4.82,4.83,31424000,2024-05-13 00:00:00
NINJ3,4.76,4.84,4.84,4.8,51849000,2024-04-30 00:00:00
NINJ3,4.77,4.7,4.76,4.71,1617396000,2024-05-14 00:00:00
NINJ3,4.77,4.79,4.79,4.76,193322000,2024-05-16 00:00:00
NINJ3,4.77,4.81,4.81,4.77,108923000,2024-05-23 00:00:00
NINJ3,4.78,4.77,4.79,4.75,367331000,2024-05-22 00:00:00
NINJ3,4.8,4.8,4.8,4.8,553349000,2024-05-09 00:00:00
NINJ3,4.8,4.94,4.94,4.93,404474000,2024-01-19 00:00:00
NINJ3,4.82,4.71,4.81,4.73,179641000,2024-05-27 00:00:00
NINJ3,4.82,4.77,4.77,4.76,155499000,2024-05-21 00:00:00
NINJ3,4.83,4.8,4.87,4.79,19189000,2024-04-26 00:00:00
NINJ3,4.84,4.76,4.81,4.82,81470000,2024-05-03 00:00:00
NINJ3,4.85,4.82,4.85,4.82,301268000,2024-05-24 00:00:00
NINJ3,4.85,4.87,4.88,4.83,463778000,2024-01-04 00:00:00
NINJ3,4.86,4.9,4.9,4.86,52557000,2024-05-08 00:00:00
NINJ3,4.86,4.95,4.95,4.88,183231000,2024-01-05 00:00:00
NINJ3,4.86,4.97,4.97,4.95,189211000,2024-01-08 00:00:00
NINJ3,4.88,4.92,4.94,4.91,67888000,2024-01-25 00:00:00
NINJ3,4.89,4.87,4.87,4.81,241624000,2024-05-07 00:00:00
NINJ3,4.89,4.98,4.98,4.92,671443000,2024-01-29 00:00:00
NINJ3,4.91,4.92,4.94,4.91,110166000,2024-01-16 00:00:00
NINJ3,4.92,4.89,4.89,4.9,583282000,2024-01-03 00:00:00
NINJ3,4.92,4.97,4.96,4.92,131009000,2024-01-22 00:00:00
NINJ3,4.92,4.98,4.98,4.94,467554000,2024-01-30 00:00:00
NINJ3,4.93,4.9,4.95,4.88,206741000,2024-01-24 00:00:00
NINJ3,4.93,4.92,4.93,4.92,170291000,2024-01-17 00:00:00
NINJ3,4.93,4.93,4.93,4.9,998946000,2024-01-26 00:00:00
NINJ3,4.93,4.94,4.94,4.93,37995000,2024-01-12 00:00:00
NINJ3,4.93,4.97,4.98,4.94,1284854000,2024-01-31 00:00:00
NINJ3,4.94,4.92,4.96,4.93,191031000,2024-01-11 00:00:00
NINJ3,4.94,4.95,4.95,4.91,816843000,2024-01-10 00:00:00
NINJ3,4.95,4.91,4.95,4.91,149070000,2024-01-15 00:00:00
NINJ3,4.95,4.95,4.95,4.93,179093000,2024-01-18 00:00:00
NINJ3,4.96,4.93,4.96,4.93,169346000,2024-01-23 00:00:00
NINJ3,4.96,4.94,4.94,4.88,1055716000,2024-01-09 00:00:00
NINJ3,4.98,5.01,5.01,4.99,5665837000,2024-02-01 00:00:00
NINJ3,5,4.91,4.92,4.96,779810000,2024-01-02 00:00:00
NINJ3,5.01,5.06,5.06,5.01,1896641000,2024-02-02 00:00:00
NINJ3,5.02,5.03,5.03,5.02,141152000,2024-02-08 00:00:00
NINJ3,5.02,5.04,5.05,5.02,131640000,2024-02-06 00:00:00
NINJ3,5.04,5.05,5.05,5.03,122854000,2024-02-07 00:00:00
NINJ3,5.04,5.06,0,5.03,131969000,2024-02-09 00:00:00
NINJ3,5.04,5.06,5.06,5.05,83328000,2024-02-15 00:00:00
NINJ3,5.05,5.05,5.08,5.05,1776908000,2024-02-27 00:00:00
NINJ3,5.05,5.07,5.07,5.05,26817000,2024-02-28 00:00:00
NINJ3,5.05,5.07,5.07,5.06,70351000,2024-02-26 00:00:00
NINJ3,5.05,5.08,0,5.07,188128000,2024-02-23 00:00:00
NINJ3,5.05,5.09,5.09,5.06,368485000,2024-02-29 00:00:00
NINJ3,5.06,5.03,5.03,5.01,612488000,2024-02-05 00:00:00
NINJ3,5.06,5.05,5.05,5.04,50934000,2024-02-16 00:00:00
NINJ3,5.06,5.06,5.08,5.06,460773000,2024-03-04 00:00:00
NINJ3,5.06,5.09,5.09,5.06,268196000,2024-03-06 00:00:00
NINJ3,5.06,5.09,5.09,5.07,45148000,2024-02-19 00:00:00
NINJ3,5.07,5.1,0,5.08,120055000,2024-03-08 00:00:00
NINJ3,5.08,5.04,5.08,5.06,43080000,2024-02-14 00:00:00
NINJ3,5.08,5.05,5.06,5.07,53240000,2024-02-22 00:00:00
NINJ3,5.08,5.05,5.08,5.07,98930000,2024-02-21 00:00:00
NINJ3,5.09,5.06,5.06,5.05,580610000,2024-03-01 00:00:00
NINJ3,5.09,5.06,5.08,5.06,589992000,2024-03-07 00:00:00
NINJ3,5.09,5.07,5.07,5.05,253715000,2024-02-20 00:00:00
NINJ3,5.09,5.09,5.09,5.06,204733000,2024-03-05 00:00:00
NINJ3,5.09,5.09,5.09,5.08,28475000,2024-03-22 00:00:00
NINJ3,5.09,5.12,5.12,5.09,39773000,2024-03-25 00:00:00
NINJ3,5.1,5.13,5.13,5.11,61859000,2024-04-03 00:00:00
NINJ3,5.1,5.13,5.13,5.11,90568000,2024-04-02 00:00:00
NINJ3,5.1,5.14,5.18,5.17,358398000,2024-03-11 00:00:00
NINJ3,5.1,5.15,5.15,5.13,43664000,2024-03-28 00:00:00
NINJ3,5.1,5.18,5.18,5.16,375907000,2024-04-19 00:00:00
NINJ3,5.11,5.11,5.12,5.06,50622000,2024-04-11 00:00:00
NINJ3,5.11,5.12,5.12,5.1,136414000,2024-03-26 00:00:00
NINJ3,5.11,5.12,5.13,5.12,97350000,2024-04-08 00:00:00
NINJ3,5.12,5.08,5.12,5.09,84080000,2024-03-21 00:00:00
NINJ3,5.12,5.13,5.13,5.11,47093000,2024-04-17 00:00:00
NINJ3,5.12,5.13,5.13,5.12,268858000,2024-04-16 00:00:00
NINJ3,5.12,5.13,5.18,5.13,125332000,2024-03-27 00:00:00
NINJ3,5.12,5.17,5.18,5.12,770197000,2024-04-12 00:00:00
NINJ3,5.13,4.7,4.7,4.81,512966000,2024-04-23 00:00:00
NINJ3,5.13,5.1,5.11,5.11,29657000,2024-04-04 00:00:00
NINJ3,5.13,5.1,5.13,5.1,220954000,2024-04-01 00:00:00
NINJ3,5.13,5.1,5.15,5.1,58741000,2024-04-18 00:00:00
NINJ3,5.13,5.11,5.12,5.11,48596000,2024-04-10 00:00:00
NINJ3,5.13,5.12,5.12,5.09,82011000,2024-03-20 00:00:00
NINJ3,5.13,5.12,5.12,5.12,87122000,2024-04-09 00:00:00
NINJ3,5.14,5.13,5.18,5.13,18988000,2024-04-22 00:00:00
NINJ3,5.14,5.15,5.14,5.13,114048000,2024-04-05 00:00:00
NINJ3,5.15,5.12,5.14,5.12,132142000,2024-03-12 00:00:00
NINJ3,5.15,5.16,5.18,5.14,87490000,2024-03-15 00:00:00
NINJ3,5.16,5.12,5.14,5.13,40068000,2024-04-15 00:00:00
NINJ3,5.16,5.15,5.18,5.15,15467000,2024-03-14 00:00:00
NINJ3,5.17,5.16,5.16,5.11,89064000,2024-03-19 00:00:00
NINJ3,5.17,5.17,5.17,5.17,14477000,2024-03-13 00:00:00
NINJ3,5.18,5.15,5.15,5.14,59722000,2024-03-18 00:00:00
PCAR3,2.37,2.47,2.47,2.45,72389006000,2024-04-19 00:00:00
PCAR3,2.44,2.36,2.36,2.39,40543666000,2024-04-18 00:00:00
PCAR3,2.44,2.46,2.46,2.49,63522794000,2024-04-16 00:00:00
PCAR3,2.47,2.43,2.44,2.44,50334805000,2024-04-17 00:00:00
PCAR3,2.47,2.77,2.78,2.67,95151623000,2024-04-23 00:00:00
PCAR3,2.49,2.48,2.48,2.49,115318101000,2024-04-22 00:00:00
PCAR3,2.53,2.48,2.48,2.48,29813972000,2024-04-15 00:00:00
PCAR3,2.59,2.55,2.55,2.57,42942526000,2024-04-12 00:00:00
PCAR3,2.6,2.6,2.6,2.58,42560743000,2024-04-11 00:00:00
PCAR3,2.63,2.68,2.69,2.65,31204459000,2024-04-09 00:00:00
PCAR3,2.67,2.6,2.61,2.6,40219327000,2024-04-10 00:00:00
PCAR3,2.69,2.61,2.62,2.63,35092124000,2024-04-08 00:00:00
PCAR3,2.75,2.68,2.69,2.69,36528332000,2024-04-05 00:00:00
PCAR3,2.8,3.01,3.01,2.91,70216813000,2024-04-29 00:00:00
PCAR3,2.81,2.82,2.82,2.78,97664533000,2024-04-24 00:00:00
PCAR3,2.81,2.83,2.84,2.82,42280523000,2024-04-25 00:00:00
PCAR3,2.83,2.74,2.74,2.8,43936033000,2024-04-04 00:00:00
PCAR3,2.83,2.88,2.89,2.87,59176404000,2024-04-02 00:00:00
PCAR3,2.83,2.95,2.95,2.9,14769701000,2024-06-11 00:00:00
PCAR3,2.86,3.08,3.08,2.97,47189853000,2024-06-03 00:00:00
PCAR3,2.87,2.81,2.82,2.83,24443809000,2024-04-03 00:00:00
PCAR3,2.89,2.76,2.76,2.78,44737431000,2024-04-26 00:00:00
PCAR3,2.91,2.83,2.84,2.85,24035637000,2024-06-10 00:00:00
PCAR3,2.91,2.95,2.96,2.93,13598920000,2024-06-19 00:00:00
PCAR3,2.91,3,3.02,2.97,64937547000,2024-06-13 00:00:00
PCAR3,2.93,2.9,2.91,2.95,25977485000,2024-06-05 00:00:00
PCAR3,2.94,2.92,2.93,2.9,43037238000,2024-06-18 00:00:00
PCAR3,2.94,2.99,3,2.97,25404802000,2024-06-06 00:00:00
PCAR3,2.95,2.88,2.9,2.92,16222655000,2024-06-07 00:00:00
PCAR3,2.98,2.9,2.91,2.93,39238382000,2024-06-12 00:00:00
PCAR3,2.98,3,3.01,2.98,48889130000,2024-06-20 00:00:00
PCAR3,2.99,2.85,2.85,2.86,56599021000,2024-04-01 00:00:00
PCAR3,3,2.92,2.92,2.95,50942326000,2024-06-21 00:00:00
PCAR3,3,2.93,2.94,2.92,62311016000,2024-04-30 00:00:00
PCAR3,3,3.02,3.03,3.05,14032085000,2024-05-24 00:00:00
PCAR3,3,3.02,3.04,3.02,23835212000,2024-05-23 00:00:00
PCAR3,3,3.03,3.03,3.01,54484044000,2024-06-14 00:00:00
PCAR3,3,3.07,3.08,3.04,57836157000,2024-03-26 00:00:00
PCAR3,3.01,3,3.01,3,29519086000,2024-03-25 00:00:00
PCAR3,3.02,2.93,2.94,2.97,24665215000,2024-06-17 00:00:00
PCAR3,3.02,3.12,3.13,3.09,19952058000,2024-05-14 00:00:00
PCAR3,3.02,3.17,3.18,3.13,79460336000,2024-03-20 00:00:00
PCAR3,3.04,2.96,2.97,2.99,45585188000,2024-03-28 00:00:00
PCAR3,3.05,3.1,3.13,3.09,19951893000,2024-05-27 00:00:00
PCAR3,3.06,3.04,3.05,3.06,45340888000,2024-03-27 00:00:00
PCAR3,3.07,2.95,2.96,2.97,29834755000,2024-06-04 00:00:00
PCAR3,3.07,3.01,3.03,3.03,24911226000,2024-03-22 00:00:00
PCAR3,3.07,3.02,3.03,3,59691853000,2024-03-19 00:00:00
PCAR3,3.08,3.11,3.11,3.08,36984428000,2024-05-17 00:00:00
PCAR3,3.1,2.87,2.88,2.95,39779564000,2024-05-31 00:00:00
PCAR3,3.1,3.02,3.02,3.03,21606358000,2024-05-22 00:00:00
PCAR3,3.1,3.11,3.11,3.08,41830662000,2024-05-29 00:00:00
PCAR3,3.11,3.03,3.03,3.06,28102612000,2024-05-13 00:00:00
PCAR3,3.11,3.09,3.09,3.08,27661980000,2024-05-16 00:00:00
PCAR3,3.11,3.1,3.11,3.08,43909283000,2024-05-10 00:00:00
PCAR3,3.11,3.13,3.13,3.16,39420802000,2024-05-09 00:00:00
PCAR3,3.11,3.14,3.14,3.11,14618289000,2024-05-20 00:00:00
PCAR3,3.13,3.09,3.09,3.09,15007548000,2024-05-15 00:00:00
PCAR3,3.14,3.04,3.05,3.08,50412878000,2024-03-18 00:00:00
PCAR3,3.15,3.12,3.13,3.13,15667011000,2024-05-21 00:00:00
PCAR3,3.16,3.13,3.14,3.2,48810678000,2024-05-28 00:00:00
PCAR3,3.18,3.08,3.08,3.11,28702973000,2024-03-21 00:00:00
PCAR3,3.18,3.18,3.18,3.13,100771028000,2024-05-02 00:00:00
PCAR3,3.22,3.39,3.39,3.33,90295887000,2024-05-03 00:00:00
PCAR3,3.23,3.1,3.1,3.16,113608247000,2024-03-15 00:00:00
PCAR3,3.25,3.28,3.29,3.3,120367566000,2024-03-14 00:00:00
PCAR3,3.36,3.2,3.2,3.28,91957169000,2024-05-08 00:00:00
PCAR3,3.38,3.48,3.49,3.41,58486071000,2024-05-06 00:00:00
PCAR3,3.41,3.45,3.46,3.52,114017416000,2024-03-05 00:00:00
PCAR3,3.44,3.33,3.34,3.35,51816547000,2024-03-13 00:00:00
PCAR3,3.5,3.4,3.4,3.45,60380599000,2024-05-07 00:00:00
PCAR3,3.5,3.44,3.44,3.46,32525849000,2024-03-12 00:00:00
PCAR3,3.51,3.49,3.49,3.46,44177936000,2024-03-11 00:00:00
PCAR3,3.53,3.52,0,3.51,34088819000,2024-03-08 00:00:00
PCAR3,3.53,3.69,3.69,3.6,85824918000,2024-03-06 00:00:00
PCAR3,3.57,3.94,3.98,3.82,101786519000,2024-02-27 00:00:00
PCAR3,3.64,3.54,3.55,3.63,64844181000,2024-03-07 00:00:00
PCAR3,3.7,4.08,4.08,3.99,93022369000,2024-01-12 00:00:00
PCAR3,3.78,3.5,3.51,3.63,56931638000,2024-02-26 00:00:00
PCAR3,3.81,3.67,3.67,3.72,37348152000,2024-01-11 00:00:00
PCAR3,3.87,3.9,3.91,3.89,9333488000,2024-02-16 00:00:00
PCAR3,3.87,4.41,4.42,4.21,143033591000,2024-02-28 00:00:00
PCAR3,3.88,3.6,3.61,3.67,78847909000,2024-03-04 00:00:00
PCAR3,3.9,3.9,3.91,3.91,13303498000,2024-02-19 00:00:00
PCAR3,3.9,4.02,4.02,3.99,22842747000,2024-02-20 00:00:00
PCAR3,3.91,3.83,3.84,3.88,15859394000,2024-02-15 00:00:00
PCAR3,3.93,4,4,3.97,25811288000,2024-02-08 00:00:00
PCAR3,3.94,3.77,3.77,3.8,44689703000,2024-01-10 00:00:00
PCAR3,3.94,3.87,3.87,3.89,11738877000,2024-02-14 00:00:00
PCAR3,3.95,4.07,4.08,4.03,14479656000,2024-02-06 00:00:00
PCAR3,3.96,4.18,4.18,4.04,30944476000,2024-02-01 00:00:00
PCAR3,3.98,3.96,0,4.01,20299452000,2024-02-09 00:00:00
PCAR3,4,3.88,3.89,3.93,48665339000,2024-03-01 00:00:00
PCAR3,4.01,3.78,0,3.86,54950378000,2024-02-23 00:00:00
PCAR3,4.01,3.91,3.95,4,25269956000,2024-01-31 00:00:00
PCAR3,4.03,4.27,4.27,4.17,38483839000,2024-02-21 00:00:00
PCAR3,4.05,4.09,4.12,4.15,43381182000,2024-01-08 00:00:00
PCAR3,4.05,5,5.02,4.69,159938236000,2024-01-15 00:00:00
PCAR3,4.08,3.92,3.92,3.99,44872718000,2024-01-09 00:00:00
PCAR3,4.08,3.96,3.97,3.94,24554562000,2024-02-07 00:00:00
PCAR3,4.08,4.19,4.19,4.1,33446803000,2024-01-02 00:00:00
PCAR3,4.09,3.93,3.94,3.98,21802233000,2024-02-05 00:00:00
PCAR3,4.1,3.98,3.99,4.01,14127630000,2024-01-30 00:00:00
PCAR3,4.11,4.14,4.14,4.13,21185519000,2024-01-26 00:00:00
PCAR3,4.14,4.1,4.1,4.11,17347658000,2024-01-29 00:00:00
PCAR3,4.18,4.12,4.14,4.13,25083732000,2024-02-02 00:00:00
PCAR3,4.2,4.63,4.64,4.41,68212093000,2024-01-03 00:00:00
PCAR3,4.26,4.1,4.12,4.16,36690011000,2024-01-25 00:00:00
PCAR3,4.3,4.21,4.22,4.35,49184277000,2024-01-24 00:00:00
PCAR3,4.32,4.22,4.23,4.29,35783552000,2024-01-23 00:00:00
PCAR3,4.35,4.03,4.03,4.15,70904559000,2024-02-29 00:00:00
PCAR3,4.4,4.1,4.11,4.23,72127936000,2024-01-05 00:00:00
PCAR3,4.4,4.42,4.43,4.43,44094553000,2024-01-19 00:00:00
PCAR3,4.41,4.3,4.3,4.36,17004123000,2024-01-22 00:00:00
PCAR3,4.42,3.98,4,4.12,74209957000,2024-02-22 00:00:00
PCAR3,4.6,4.36,4.39,4.45,41554107000,2024-01-18 00:00:00
PCAR3,4.7,4.45,4.45,4.51,73198371000,2024-01-04 00:00:00
PCAR3,4.75,4.58,4.58,4.7,57762143000,2024-01-17 00:00:00
PCAR3,5.34,4.76,4.76,4.93,155129799000,2024-01-16 00:00:00
PETR3,36.49,36.65,36.66,36.48,735353405000,2024-06-17 00:00:00
PETR3,36.6,36.86,36.88,36.68,326502681000,2024-03-22 00:00:00
PETR3,36.66,36.67,36.68,36.63,697947442000,2024-03-15 00:00:00
PETR3,36.7,36.27,36.27,36.93,1744936074000,2024-03-11 00:00:00
PETR3,36.71,37.33,37.33,36.94,515990747000,2024-03-20 00:00:00
PETR3,36.78,36.98,0,36.63,2987218728000,2024-03-08 00:00:00
PETR3,36.8,37.88,37.89,37.54,455602600000,2024-06-18 00:00:00
PETR3,36.9,37.32,37.39,37.3,299823684000,2024-03-25 00:00:00
PETR3,36.91,37.36,37.38,37.11,191142842000,2024-03-27 00:00:00
PETR3,36.95,36.98,36.98,36.55,485266562000,2024-03-18 00:00:00
PETR3,36.98,36.57,36.61,36.97,559863869000,2024-03-19 00:00:00
PETR3,37,37.37,37.37,37.19,1040671705000,2024-03-12 00:00:00
PETR3,37.08,36.63,36.63,36.68,455319442000,2024-06-14 00:00:00
PETR3,37.2,36.75,36.76,36.94,617292613000,2024-03-14 00:00:00
PETR3,37.3,36.91,36.94,37.02,332489721000,2024-03-26 00:00:00
PETR3,37.3,38.28,38.31,37.91,404655955000,2024-03-28 00:00:00
PETR3,37.33,36.57,36.57,36.8,605115670000,2024-03-21 00:00:00
PETR3,37.47,37,37.01,37.23,755510893000,2024-03-13 00:00:00
PETR3,37.48,37.02,37.1,37.19,391183875000,2024-06-13 00:00:00
PETR3,37.81,37.64,37.68,37.69,195337832000,2024-06-19 00:00:00
PETR3,38.21,38.4,38.4,38.34,377544180000,2024-06-20 00:00:00
PETR3,38.33,38.56,38.61,38.39,300563027000,2024-04-01 00:00:00
PETR3,38.39,38.31,38.41,38.35,640508911000,2024-06-21 00:00:00
PETR3,38.41,38.7,38.72,38.63,118326740000,2024-05-27 00:00:00
PETR3,38.41,38.77,38.78,38.6,522737216000,2024-05-22 00:00:00
PETR3,38.55,37.51,37.53,37.71,745403884000,2024-06-12 00:00:00
PETR3,38.58,38.7,38.7,38.67,472651728000,2024-05-20 00:00:00
PETR3,38.74,38.41,38.43,38.61,343883114000,2024-05-21 00:00:00
PETR3,38.76,39.61,39.63,39.33,509536892000,2024-04-02 00:00:00
PETR3,38.8,38.31,38.33,38.41,345500969000,2024-05-24 00:00:00
PETR3,38.81,38.44,38.44,38.68,583163576000,2024-05-23 00:00:00
PETR3,38.81,39.04,39.05,39.02,239671644000,2024-01-22 00:00:00
PETR3,38.84,39.3,38.97,39.34,290554089000,2024-06-10 00:00:00
PETR3,38.9,39.6,39.61,39.22,448606338000,2024-04-08 00:00:00
PETR3,39,39.36,39.37,39.34,265306051000,2024-01-02 00:00:00
PETR3,39.02,39.04,39.06,38.87,579667517000,2024-04-05 00:00:00
PETR3,39.1,38.95,38.95,38.86,227531763000,2024-01-19 00:00:00
PETR3,39.18,39.61,39.62,39.39,347075329000,2024-01-23 00:00:00
PETR3,39.19,38.57,38.59,38.7,692180268000,2024-05-17 00:00:00
PETR3,39.19,39.47,39.48,39.37,427670360000,2024-05-29 00:00:00
PETR3,39.21,39.43,39.46,39.33,334476173000,2024-01-11 00:00:00
PETR3,39.25,39.38,39.4,39.31,639401239000,2024-05-28 00:00:00
PETR3,39.32,39.12,39.24,39.87,1405401820000,2024-04-04 00:00:00
PETR3,39.35,39.27,39.29,39.31,514462687000,2024-01-17 00:00:00
PETR3,39.36,40.04,40.04,39.83,93940282000,2024-01-15 00:00:00
PETR3,39.38,40.7,40.75,40.5,396982878000,2024-01-03 00:00:00
PETR3,39.44,38.98,39.08,39.04,390940333000,2024-01-18 00:00:00
PETR3,39.49,39.03,39.03,39.13,475243858000,2024-01-10 00:00:00
PETR3,39.53,39.27,39.28,39.22,705312994000,2024-06-11 00:00:00
PETR3,39.63,41.06,41.07,40.57,532627621000,2024-01-25 00:00:00
PETR3,39.7,39.24,39.24,39.58,416947194000,2024-01-24 00:00:00
PETR3,39.7,40.7,40.8,40.52,669279331000,2024-05-31 00:00:00
PETR3,39.7,41,41.01,40.75,636970570000,2024-04-10 00:00:00
PETR3,39.77,39.3,39.32,39.36,454662328000,2024-04-03 00:00:00
PETR3,39.8,39.64,39.69,39.47,386837568000,2024-01-08 00:00:00
PETR3,39.9,38.59,38.6,38.96,719943982000,2024-06-07 00:00:00
PETR3,39.9,39.64,39.78,39.77,205380474000,2024-01-12 00:00:00
PETR3,39.9,40.02,40.02,39.58,1297891786000,2024-05-15 00:00:00
PETR3,39.92,39.42,39.42,39.51,493723688000,2024-01-09 00:00:00
PETR3,39.93,39.8,39.82,39.62,360626521000,2024-04-09 00:00:00
PETR3,39.93,40.02,40.08,39.72,437116749000,2024-06-04 00:00:00
PETR3,39.99,39.94,39.97,40.12,356009385000,2024-06-06 00:00:00
PETR3,40,39.6,39.65,39.74,472900488000,2024-01-16 00:00:00
PETR3,40.03,39.29,39.29,39.25,852215713000,2024-05-16 00:00:00
PETR3,40.13,39.95,39.97,40.1,280749097000,2024-06-05 00:00:00
PETR3,40.2,40.89,40.9,40.75,544866868000,2024-04-15 00:00:00
PETR3,40.29,40.39,40.39,40.35,276769294000,2024-01-05 00:00:00
PETR3,40.64,41.09,41.28,41.07,449560345000,2024-04-16 00:00:00
PETR3,40.7,40.25,40.39,40.55,384781539000,2024-06-03 00:00:00
PETR3,40.79,40.04,40.15,40.67,434404893000,2024-01-04 00:00:00
PETR3,40.89,41.96,41.98,41.74,436691784000,2024-01-26 00:00:00
PETR3,40.92,40.63,40.63,40.85,294975489000,2024-04-11 00:00:00
PETR3,41,40.3,40.3,40.59,418884661000,2024-04-12 00:00:00
PETR3,41.02,41.5,41.5,41.32,808581870000,2024-03-06 00:00:00
PETR3,41.08,40.8,40.81,40.81,413749651000,2024-03-05 00:00:00
PETR3,41.19,41.15,41.24,41.18,437732134000,2024-04-17 00:00:00
PETR3,41.2,42.72,42.75,42.33,786762499000,2024-04-19 00:00:00
PETR3,41.3,41.05,41.09,41.37,432553639000,2024-04-18 00:00:00
PETR3,41.31,41.05,41.05,41.2,347354163000,2024-03-04 00:00:00
PETR3,41.32,41.26,41.29,41.38,323986637000,2024-03-07 00:00:00
PETR3,41.38,41.21,41.3,41.5,400970609000,2024-03-01 00:00:00
PETR3,41.75,41.22,41.23,41.24,778558677000,2024-02-29 00:00:00
PETR3,42.02,42.22,42.24,42.29,323499152000,2024-05-06 00:00:00
PETR3,42.04,42.36,42.37,42.13,380572270000,2024-01-29 00:00:00
PETR3,42.17,42.16,42.5,42.33,575658420000,2024-01-31 00:00:00
PETR3,42.19,42.17,42.3,42.33,326712869000,2024-01-30 00:00:00
PETR3,42.21,42.33,42.35,42.44,469645462000,2024-02-05 00:00:00
PETR3,42.31,43.24,43.25,42.9,376343456000,2024-05-07 00:00:00
PETR3,42.37,43.51,43.55,42.98,391819904000,2024-02-15 00:00:00
PETR3,42.42,42.97,42.97,43.03,559291327000,2024-02-06 00:00:00
PETR3,42.53,42.31,42.31,42.31,240940002000,2024-02-14 00:00:00
PETR3,42.6,42.96,43.01,43.04,775210456000,2024-02-01 00:00:00
PETR3,42.91,43.7,43.74,43.45,287820719000,2024-05-08 00:00:00
PETR3,42.95,43.38,43.38,43.06,505012789000,2024-02-07 00:00:00
PETR3,42.95,43.76,43.77,43.37,564244105000,2024-04-22 00:00:00
PETR3,43,42.33,42.4,42.64,503127188000,2024-02-02 00:00:00
PETR3,43.02,42.01,42.02,42.02,750141941000,2024-05-03 00:00:00
PETR3,43.22,42.93,42.96,42.97,471532464000,2024-05-14 00:00:00
PETR3,43.22,43.75,43.76,43.63,390818030000,2024-04-26 00:00:00
PETR3,43.23,42.74,0,42.85,514021858000,2024-02-09 00:00:00
PETR3,43.27,44.25,44.25,43.93,363941403000,2024-04-25 00:00:00
PETR3,43.3,44.3,44.3,44.1,564428318000,2024-02-16 00:00:00
PETR3,43.37,43.23,43.24,43.24,346544608000,2024-02-08 00:00:00
PETR3,43.5,43.27,43.42,43.47,580051460000,2024-04-24 00:00:00
PETR3,43.5,44.47,44.47,44.1,385221177000,2024-05-09 00:00:00
PETR3,43.55,43.46,43.6,43.54,650183381000,2024-04-23 00:00:00
PETR3,43.6,43.71,43.72,43.74,343777267000,2024-02-21 00:00:00
PETR3,43.6,44.08,44.08,43.9,294184433000,2024-02-26 00:00:00
PETR3,43.67,43.62,0,43.41,577539301000,2024-02-23 00:00:00
PETR3,43.67,44.54,44.55,44.16,443516701000,2024-04-29 00:00:00
PETR3,43.82,41.6,41.61,42.4,736572107000,2024-02-28 00:00:00
PETR3,43.9,43.74,43.75,43.45,415916071000,2024-02-22 00:00:00
PETR3,44.29,44.49,44.49,44.36,165693407000,2024-02-19 00:00:00
PETR3,44.33,44.14,44.14,44.22,224088889000,2024-05-13 00:00:00
PETR3,44.38,43.97,43.97,43.95,359889630000,2024-02-27 00:00:00
PETR3,44.39,44.26,44.32,44.14,559622231000,2024-04-30 00:00:00
PETR3,44.42,43.6,43.61,43.74,762315395000,2024-02-20 00:00:00
PETR3,44.48,44.43,44.45,44.38,538599427000,2024-05-02 00:00:00
PETR3,44.5,44.13,44.14,44.24,427565981000,2024-05-10 00:00:00
PETR4,34.41,34.81,34.84,34.75,1422860888000,2024-06-17 00:00:00
PETR4,34.89,35.9,35.92,35.67,1290601327000,2024-06-18 00:00:00
PETR4,35.49,34.68,34.7,34.85,1865342113000,2024-06-14 00:00:00
PETR4,35.67,35.65,35.66,36.32,4632691309000,2024-03-11 00:00:00
PETR4,35.9,35.46,35.48,35.47,1640148584000,2024-06-13 00:00:00
PETR4,35.9,35.93,35.94,35.84,744678441000,2024-06-19 00:00:00
PETR4,35.9,36.05,36.06,35.9,1236104699000,2024-03-22 00:00:00
PETR4,35.9,36.12,0,36.17,8333685125000,2024-03-08 00:00:00
PETR4,36.18,36.6,36.6,36.51,984253276000,2024-03-25 00:00:00
PETR4,36.22,36.5,36.5,36.58,1442875809000,2024-06-20 00:00:00
PETR4,36.23,36.7,36.7,36.29,1416217833000,2024-03-20 00:00:00
PETR4,36.28,36.55,36.56,36.43,728538499000,2024-03-27 00:00:00
PETR4,36.3,36.32,36.32,36.21,2141016817000,2024-03-15 00:00:00
PETR4,36.35,36.82,36.83,36.7,2794792311000,2024-03-12 00:00:00
PETR4,36.39,36.07,36.08,36.3,1762050056000,2024-03-19 00:00:00
PETR4,36.41,36.34,36.34,36.07,1274552061000,2024-03-18 00:00:00
PETR4,36.5,37.18,37.2,36.97,1350741770000,2024-05-22 00:00:00
PETR4,36.5,37.36,37.4,37.12,1186580539000,2024-03-28 00:00:00
PETR4,36.55,36.72,36.72,36.71,1590901590000,2024-06-21 00:00:00
PETR4,36.67,36.26,36.27,36.35,902977377000,2024-03-26 00:00:00
PETR4,36.72,37.01,37.01,36.93,503136129000,2024-05-27 00:00:00
PETR4,36.73,36.75,36.76,36.85,1488885033000,2024-05-20 00:00:00
PETR4,36.74,36.22,36.23,36.43,1456887727000,2024-03-14 00:00:00
PETR4,36.79,36.68,36.68,36.81,1029538227000,2024-05-21 00:00:00
PETR4,36.85,35.7,35.73,36.11,1705165037000,2024-03-21 00:00:00
PETR4,36.9,36.38,36.39,36.7,1656883040000,2024-03-13 00:00:00
PETR4,36.95,35.82,35.83,36.13,1885737794000,2024-06-12 00:00:00
PETR4,37.07,36.61,36.65,36.8,870276334000,2024-05-24 00:00:00
PETR4,37.19,37.5,37.62,37.68,1227166538000,2024-06-10 00:00:00
PETR4,37.35,36.69,36.69,36.8,2473470544000,2024-05-17 00:00:00
PETR4,37.44,36.81,36.82,37.15,1782791569000,2024-05-23 00:00:00
PETR4,37.44,37.78,37.78,37.66,905513838000,2024-01-02 00:00:00
PETR4,37.44,37.8,37.87,37.87,1758632882000,2024-05-28 00:00:00
PETR4,37.5,37.65,37.65,37.49,888527375000,2024-04-01 00:00:00
PETR4,37.5,37.7,37.7,37.62,856092367000,2024-01-22 00:00:00
PETR4,37.6,38.4,38.4,38.18,5013250148000,2024-05-15 00:00:00
PETR4,37.71,37.75,37.76,37.71,1103048718000,2024-05-29 00:00:00
PETR4,37.8,38.96,38.97,38.56,2016962803000,2024-01-03 00:00:00
PETR4,37.81,37.53,37.53,37.51,1161928492000,2024-01-19 00:00:00
PETR4,37.81,37.66,37.67,37.69,1173401499000,2024-06-11 00:00:00
PETR4,37.82,38.62,38.63,38.25,1757290383000,2024-04-02 00:00:00
PETR4,37.84,38.17,38.18,37.95,1233321489000,2024-01-23 00:00:00
PETR4,37.9,38.1,38.15,37.9,2480996510000,2024-04-05 00:00:00
PETR4,37.93,38.79,38.79,38.5,2076429958000,2024-05-31 00:00:00
PETR4,37.97,37.88,37.89,37.95,1046707221000,2024-01-17 00:00:00
PETR4,37.98,38.07,38.08,37.95,1008256420000,2024-01-11 00:00:00
PETR4,37.99,38.58,38.59,38.36,530157223000,2024-01-15 00:00:00
PETR4,38.03,38.63,38.64,38.39,1397021154000,2024-04-08 00:00:00
PETR4,38.1,37.75,37.76,37.77,1034479208000,2024-01-10 00:00:00
PETR4,38.14,37.73,37.75,37.76,868209306000,2024-01-18 00:00:00
PETR4,38.22,36.94,36.95,37.57,1726288847000,2024-06-07 00:00:00
PETR4,38.26,38.2,38.2,38.24,712430106000,2024-06-05 00:00:00
PETR4,38.26,39.28,39.29,38.8,1888134616000,2024-01-25 00:00:00
PETR4,38.28,38.38,38.4,38.51,999325145000,2024-06-06 00:00:00
PETR4,38.29,37.88,37.88,38.13,969269476000,2024-01-24 00:00:00
PETR4,38.3,37.31,37.31,37.65,3132071916000,2024-05-16 00:00:00
PETR4,38.38,38.43,38.44,38,1336206062000,2024-01-08 00:00:00
PETR4,38.4,38.15,38.15,38.02,1296187645000,2024-06-04 00:00:00
PETR4,38.47,37.88,37.89,38.64,6399041382000,2024-04-04 00:00:00
PETR4,38.5,38.17,38.2,38.41,940340503000,2024-01-12 00:00:00
PETR4,38.61,38.1,38.17,38.27,1197258435000,2024-01-16 00:00:00
PETR4,38.67,38.1,38.1,38.25,1043653479000,2024-01-09 00:00:00
PETR4,38.7,38.42,38.42,38.5,1210506567000,2024-04-03 00:00:00
PETR4,38.73,39.59,39.6,39.38,2198726567000,2024-04-10 00:00:00
PETR4,38.83,38.58,38.6,38.65,1679575458000,2024-06-03 00:00:00
PETR4,38.87,38.72,38.72,38.79,1388296899000,2024-01-05 00:00:00
PETR4,38.9,38.73,38.73,38.59,1427764564000,2024-04-09 00:00:00
PETR4,38.94,39.31,39.31,39.16,1123807639000,2024-04-15 00:00:00
PETR4,39.01,39.49,39.5,39.4,1470056428000,2024-04-16 00:00:00
PETR4,39.1,39.96,39.97,39.72,1643701990000,2024-01-26 00:00:00
PETR4,39.12,38.63,38.64,38.99,1768450856000,2024-01-04 00:00:00
PETR4,39.49,39.78,39.8,39.67,1556244350000,2024-04-17 00:00:00
PETR4,39.6,39.3,39.3,39.44,1309448484000,2024-04-11 00:00:00
PETR4,39.72,38.94,38.95,39.31,1556892269000,2024-04-12 00:00:00
PETR4,39.87,40.16,40.17,40.13,922301746000,2024-05-06 00:00:00
PETR4,40,39.85,39.85,40.06,1806151715000,2024-04-18 00:00:00
PETR4,40,40.57,40.57,40.24,1229405382000,2024-01-29 00:00:00
PETR4,40.05,40.53,40.6,40.62,3270038108000,2024-04-19 00:00:00
PETR4,40.1,39.96,39.96,39.98,1211306942000,2024-03-05 00:00:00
PETR4,40.15,40.65,40.65,40.45,963235042000,2024-05-07 00:00:00
PETR4,40.17,40.32,40.33,40.37,1406317832000,2024-01-30 00:00:00
PETR4,40.2,40.84,40.84,40.54,1843886856000,2024-03-06 00:00:00
PETR4,40.23,40.45,40.5,40.67,2378972764000,2024-01-31 00:00:00
PETR4,40.27,40.08,40.09,40.28,885866880000,2024-03-04 00:00:00
PETR4,40.35,40.18,40.18,40.47,1264442373000,2024-03-01 00:00:00
PETR4,40.35,41.27,41.28,41,1039452397000,2024-05-08 00:00:00
PETR4,40.59,40.14,40.14,40.33,2496872571000,2024-02-29 00:00:00
PETR4,40.64,40.39,40.4,40.51,2033633664000,2024-03-07 00:00:00
PETR4,40.69,39.89,39.9,39.87,1798151380000,2024-05-03 00:00:00
PETR4,40.76,40.87,40.87,40.82,2188941410000,2024-05-14 00:00:00
PETR4,40.76,41.5,41.51,41.17,2132112391000,2024-04-22 00:00:00
PETR4,40.78,41.57,41.57,41.35,2548906665000,2024-02-01 00:00:00
PETR4,41.01,41.21,41.24,41.3,1135957534000,2024-02-05 00:00:00
PETR4,41.01,42.3,42.3,41.61,1383392578000,2024-02-15 00:00:00
PETR4,41.06,41.67,41.68,41.41,1126790802000,2024-05-09 00:00:00
PETR4,41.1,40.99,40.99,41.1,752816937000,2024-02-14 00:00:00
PETR4,41.29,41.41,41.42,41.47,1322632547000,2024-04-26 00:00:00
PETR4,41.4,41.42,41.45,41.32,1465268530000,2024-04-23 00:00:00
PETR4,41.4,42.22,42.23,41.68,2766933114000,2024-04-25 00:00:00
PETR4,41.45,41.59,41.59,41.86,1485299379000,2024-02-06 00:00:00
PETR4,41.48,42.15,42.15,41.78,1165151259000,2024-04-29 00:00:00
PETR4,41.52,42.2,42.2,41.9,1284316314000,2024-02-07 00:00:00
PETR4,41.55,41.23,41.24,41.45,1881525718000,2024-04-24 00:00:00
PETR4,41.58,41.03,41.04,41.33,1508064304000,2024-02-02 00:00:00
PETR4,41.74,41.62,41.62,41.67,766633217000,2024-05-13 00:00:00
PETR4,41.84,41.58,41.58,41.72,1165815931000,2024-05-10 00:00:00
PETR4,41.9,42.69,42.7,42.46,1099152786000,2024-02-26 00:00:00
PETR4,42,42.02,42.02,41.89,1534831992000,2024-04-30 00:00:00
PETR4,42.09,42.69,42.69,42.64,1585876820000,2024-02-16 00:00:00
PETR4,42.14,41.3,0,41.71,1266014349000,2024-02-09 00:00:00
PETR4,42.14,41.9,0,41.99,1843246609000,2024-02-23 00:00:00
PETR4,42.25,42.18,42.18,42.13,1400813585000,2024-05-02 00:00:00
PETR4,42.3,41.86,41.9,42.12,1077965838000,2024-02-08 00:00:00
PETR4,42.45,42.51,42.51,42.44,886083838000,2024-02-21 00:00:00
PETR4,42.52,40.43,40.44,41.14,4621824337000,2024-02-28 00:00:00
PETR4,42.67,42.19,42.19,42.11,1354685243000,2024-02-22 00:00:00
PETR4,42.7,42.63,42.63,42.6,1179241305000,2024-02-27 00:00:00
PETR4,42.76,42.9,42.9,42.8,549069122000,2024-02-19 00:00:00
PETR4,42.77,42.45,42.46,42.39,1796543046000,2024-02-20 00:00:00
RAIZ4,2.68,2.8,2.8,2.77,55621088000,2024-06-13 00:00:00
RAIZ4,2.69,2.72,2.72,2.69,78423448000,2024-06-05 00:00:00
RAIZ4,2.7,2.7,2.71,2.7,34821269000,2024-06-07 00:00:00
RAIZ4,2.71,2.72,2.73,2.72,37283278000,2024-06-10 00:00:00
RAIZ4,2.72,2.73,2.73,2.74,62788411000,2024-06-06 00:00:00
RAIZ4,2.72,2.8,2.81,2.77,43254778000,2024-06-11 00:00:00
RAIZ4,2.76,2.89,2.9,2.85,83064675000,2024-06-21 00:00:00
RAIZ4,2.78,2.78,2.79,2.76,35777508000,2024-06-17 00:00:00
RAIZ4,2.78,2.82,2.82,2.81,23466849000,2024-06-18 00:00:00
RAIZ4,2.8,2.71,2.72,2.73,60914797000,2024-06-04 00:00:00
RAIZ4,2.8,2.8,2.81,2.81,48743131000,2024-06-14 00:00:00
RAIZ4,2.81,2.8,2.8,2.77,26674179000,2024-06-19 00:00:00
RAIZ4,2.81,2.83,2.83,2.79,56909525000,2024-05-23 00:00:00
RAIZ4,2.81,2.83,2.84,2.82,19542976000,2024-05-24 00:00:00
RAIZ4,2.82,2.78,2.78,2.77,39906881000,2024-06-20 00:00:00
RAIZ4,2.84,2.67,2.68,2.7,68259428000,2024-06-12 00:00:00
RAIZ4,2.84,2.9,2.91,2.9,33170960000,2024-05-27 00:00:00
RAIZ4,2.85,2.87,2.88,2.86,46272806000,2024-05-29 00:00:00
RAIZ4,2.86,2.8,2.81,2.82,36521650000,2024-06-03 00:00:00
RAIZ4,2.87,2.85,2.85,2.86,37765351000,2024-05-31 00:00:00
RAIZ4,2.91,3,3.01,2.96,57388162000,2024-05-14 00:00:00
RAIZ4,2.92,2.81,2.81,2.83,85520745000,2024-05-22 00:00:00
RAIZ4,2.93,3.02,3.04,3,65650449000,2024-04-19 00:00:00
RAIZ4,2.94,2.85,2.85,2.87,36138774000,2024-05-28 00:00:00
RAIZ4,2.94,2.93,2.93,2.92,44512391000,2024-05-21 00:00:00
RAIZ4,2.98,2.94,2.94,2.95,36179361000,2024-05-20 00:00:00
RAIZ4,2.99,2.93,2.93,2.94,89784190000,2024-04-18 00:00:00
RAIZ4,2.99,2.95,2.96,2.97,70695674000,2024-04-16 00:00:00
RAIZ4,2.99,2.97,2.97,2.97,73222767000,2024-04-17 00:00:00
RAIZ4,3,3.03,3.03,3,38707559000,2024-05-15 00:00:00
RAIZ4,3.02,2.97,2.98,2.98,22595126000,2024-05-17 00:00:00
RAIZ4,3.02,2.98,2.99,2.99,42458499000,2024-05-13 00:00:00
RAIZ4,3.03,3.12,3.12,3.08,51066249000,2024-04-22 00:00:00
RAIZ4,3.05,3.02,3.02,2.98,48099410000,2024-05-16 00:00:00
RAIZ4,3.05,3.06,3.07,3.06,24047071000,2024-04-25 00:00:00
RAIZ4,3.06,3.02,3.02,3.01,25687961000,2024-05-10 00:00:00
RAIZ4,3.06,3.06,3.06,3.05,23212740000,2024-04-30 00:00:00
RAIZ4,3.07,3.07,3.07,3.07,23082304000,2024-04-26 00:00:00
RAIZ4,3.07,3.07,3.08,3.06,21851972000,2024-04-29 00:00:00
RAIZ4,3.08,3.05,3.06,3.04,43214347000,2024-04-24 00:00:00
RAIZ4,3.08,3.07,3.08,3.09,42071815000,2024-04-23 00:00:00
RAIZ4,3.09,3.07,3.07,3.05,32401527000,2024-05-09 00:00:00
RAIZ4,3.1,3.14,3.14,3.14,47015257000,2024-05-02 00:00:00
RAIZ4,3.11,3,3.01,3.02,71963456000,2024-04-15 00:00:00
RAIZ4,3.12,3.1,3.11,3.11,64859313000,2024-04-12 00:00:00
RAIZ4,3.17,3.12,3.13,3.13,26485867000,2024-05-08 00:00:00
RAIZ4,3.19,3.23,3.24,3.23,77732560000,2024-05-03 00:00:00
RAIZ4,3.2,3.2,3.2,3.18,25601369000,2024-05-07 00:00:00
RAIZ4,3.21,3.16,3.17,3.21,50558708000,2024-05-06 00:00:00
RAIZ4,3.24,3.42,3.43,3.35,167021555000,2024-03-27 00:00:00
RAIZ4,3.29,3.13,3.14,3.17,87092217000,2024-04-11 00:00:00
RAIZ4,3.32,3.36,3.37,3.34,42033842000,2024-04-03 00:00:00
RAIZ4,3.34,3.36,3.36,3.35,52953123000,2024-04-08 00:00:00
RAIZ4,3.35,3.25,3.26,3.26,95529588000,2024-03-26 00:00:00
RAIZ4,3.36,3.34,3.34,3.32,50931671000,2024-04-02 00:00:00
RAIZ4,3.36,3.34,3.35,3.34,34670567000,2024-04-05 00:00:00
RAIZ4,3.36,3.36,3.36,3.41,82959604000,2024-04-04 00:00:00
RAIZ4,3.37,3.41,3.42,3.4,36872247000,2024-04-09 00:00:00
RAIZ4,3.41,3.28,3.29,3.29,71566245000,2024-04-10 00:00:00
RAIZ4,3.41,3.36,3.36,3.35,54879166000,2024-03-25 00:00:00
RAIZ4,3.42,3.54,3.55,3.54,100607174000,2024-03-28 00:00:00
RAIZ4,3.45,3.48,0,3.49,36775815000,2024-03-08 00:00:00
RAIZ4,3.48,3.47,3.47,3.46,37684316000,2024-03-18 00:00:00
RAIZ4,3.48,3.49,3.49,3.49,29575807000,2024-03-11 00:00:00
RAIZ4,3.49,3.46,3.47,3.47,19816888000,2024-03-15 00:00:00
RAIZ4,3.49,3.53,3.54,3.52,34013637000,2024-03-19 00:00:00
RAIZ4,3.5,3.41,3.41,3.42,52143030000,2024-03-22 00:00:00
RAIZ4,3.5,3.52,3.52,3.51,31478538000,2024-03-12 00:00:00
RAIZ4,3.51,3.48,3.48,3.49,35910835000,2024-03-07 00:00:00
RAIZ4,3.51,3.5,3.5,3.49,19606504000,2024-03-14 00:00:00
RAIZ4,3.52,3.51,3.51,3.52,24882120000,2024-03-13 00:00:00
RAIZ4,3.53,3.36,3.37,3.37,99874705000,2024-04-01 00:00:00
RAIZ4,3.54,3.61,3.62,3.59,36753619000,2024-03-20 00:00:00
RAIZ4,3.55,3.51,3.51,3.51,68636084000,2024-03-06 00:00:00
RAIZ4,3.56,3.57,3.57,3.61,91885787000,2024-03-01 00:00:00
RAIZ4,3.58,3.62,3.62,3.62,56367666000,2024-03-04 00:00:00
RAIZ4,3.61,3.52,3.52,3.53,37853166000,2024-03-21 00:00:00
RAIZ4,3.62,3.54,3.54,3.54,91090570000,2024-03-05 00:00:00
RAIZ4,3.66,3.54,3.54,3.55,105672341000,2024-02-29 00:00:00
RAIZ4,3.68,3.69,3.7,3.68,30766537000,2024-02-26 00:00:00
RAIZ4,3.68,3.73,3.74,3.71,27996907000,2024-01-23 00:00:00
RAIZ4,3.71,3.73,3.74,3.71,20697231000,2024-01-25 00:00:00
RAIZ4,3.71,3.74,3.75,3.69,35166389000,2024-01-19 00:00:00
RAIZ4,3.72,3.66,3.66,3.66,91765332000,2024-02-28 00:00:00
RAIZ4,3.72,3.73,3.73,3.74,60553852000,2024-02-27 00:00:00
RAIZ4,3.73,3.74,3.75,3.75,19842182000,2024-01-26 00:00:00
RAIZ4,3.74,3.65,3.66,3.66,38997364000,2024-01-22 00:00:00
RAIZ4,3.74,3.81,3.82,3.79,54596319000,2024-01-29 00:00:00
RAIZ4,3.75,3.69,3.7,3.71,35960023000,2024-01-18 00:00:00
RAIZ4,3.77,3.72,3.73,3.7,30130332000,2024-01-24 00:00:00
RAIZ4,3.78,3.77,3.79,3.77,27590830000,2024-02-05 00:00:00
RAIZ4,3.78,3.85,3.87,3.86,39814892000,2024-02-06 00:00:00
RAIZ4,3.79,3.72,3.73,3.72,41964210000,2024-01-17 00:00:00
RAIZ4,3.81,3.8,3.81,3.8,29063828000,2024-01-30 00:00:00
RAIZ4,3.81,3.83,3.84,3.84,43852512000,2024-01-31 00:00:00
RAIZ4,3.82,3.86,3.86,3.84,32963847000,2024-02-20 00:00:00
RAIZ4,3.83,3.82,3.83,3.79,36833349000,2024-02-01 00:00:00
RAIZ4,3.84,3.69,0,3.73,64361517000,2024-02-23 00:00:00
RAIZ4,3.84,3.78,3.79,3.79,39994227000,2024-02-02 00:00:00
RAIZ4,3.84,3.89,3.9,3.85,39893480000,2024-02-16 00:00:00
RAIZ4,3.86,3.93,3.94,3.92,32717295000,2024-02-07 00:00:00
RAIZ4,3.87,3.87,3.87,3.87,50337299000,2024-02-21 00:00:00
RAIZ4,3.88,3.82,3.82,3.85,44723765000,2024-02-15 00:00:00
RAIZ4,3.88,3.87,3.87,3.87,39679369000,2024-02-14 00:00:00
RAIZ4,3.89,3.85,3.85,3.84,66436412000,2024-02-22 00:00:00
RAIZ4,3.9,3.85,3.86,3.84,29392777000,2024-02-19 00:00:00
RAIZ4,3.93,3.92,3.93,3.91,34508084000,2024-02-08 00:00:00
RAIZ4,3.94,4,4.01,3.99,61263869000,2024-01-12 00:00:00
RAIZ4,3.98,3.79,3.79,3.79,104808766000,2024-01-16 00:00:00
RAIZ4,3.99,4,4,3.98,19988097000,2024-01-15 00:00:00
RAIZ4,4,3.88,0,3.96,86246239000,2024-02-09 00:00:00
RAIZ4,4,4.04,4.05,4.04,45973536000,2024-01-05 00:00:00
RAIZ4,4.03,4.08,4.09,4.04,44904198000,2024-01-02 00:00:00
RAIZ4,4.03,4.1,4.1,4.05,38728876000,2024-01-09 00:00:00
RAIZ4,4.04,4.05,4.05,4.03,35256023000,2024-01-08 00:00:00
RAIZ4,4.06,3.93,3.94,3.98,87592669000,2024-01-11 00:00:00
RAIZ4,4.09,4.11,4.12,4.1,45474133000,2024-01-03 00:00:00
RAIZ4,4.1,4.06,4.06,4.04,35418310000,2024-01-10 00:00:00
RAIZ4,4.11,4.02,4.03,4.02,42551946000,2024-01-04 00:00:00
YDUQ3,10.71,11.09,11.1,10.88,31358726000,2024-06-19 00:00:00
YDUQ3,10.76,10.63,10.64,10.67,32319865000,2024-06-18 00:00:00
YDUQ3,10.84,10.84,10.85,10.84,57026173000,2024-06-21 00:00:00
YDUQ3,11.11,10.78,10.79,10.85,42744783000,2024-06-17 00:00:00
YDUQ3,11.2,11.22,11.22,11.23,39073129000,2024-06-14 00:00:00
YDUQ3,11.24,11.49,11.49,11.37,92056369000,2024-06-11 00:00:00
YDUQ3,11.27,10.97,10.98,11.15,68974560000,2024-06-20 00:00:00
YDUQ3,11.34,11.18,11.24,11.3,56215075000,2024-06-10 00:00:00
YDUQ3,11.34,11.3,11.3,11.3,54286644000,2024-06-13 00:00:00
YDUQ3,11.55,11.38,11.38,11.49,57930931000,2024-06-07 00:00:00
YDUQ3,11.67,11.35,11.33,11.39,113235179000,2024-06-12 00:00:00
YDUQ3,11.83,11.7,11.71,11.78,44765047000,2024-06-05 00:00:00
YDUQ3,11.85,11.75,11.76,11.79,90935108000,2024-06-06 00:00:00
YDUQ3,12.02,11.82,11.83,11.85,36104623000,2024-06-04 00:00:00
YDUQ3,12.1,11.99,12,12.04,48151376000,2024-06-03 00:00:00
YDUQ3,12.46,12.58,12.6,12.52,88955512000,2024-05-29 00:00:00
YDUQ3,12.72,13.81,13.82,13.62,202705536000,2024-05-21 00:00:00
YDUQ3,12.76,12.11,12.14,12.21,61871239000,2024-05-31 00:00:00
YDUQ3,12.88,12.53,12.53,12.68,88646079000,2024-05-20 00:00:00
YDUQ3,12.99,12.9,12.92,12.98,58038834000,2024-05-17 00:00:00
YDUQ3,13.4,13.07,13.07,13.2,91821092000,2024-05-28 00:00:00
YDUQ3,13.76,13.09,13.1,13.32,46013385000,2024-05-27 00:00:00
YDUQ3,13.78,13.1,13.12,13.23,98075892000,2024-05-16 00:00:00
YDUQ3,13.79,13.63,13.68,13.65,45821175000,2024-05-24 00:00:00
YDUQ3,13.81,13.96,13.97,14.11,137996055000,2024-05-22 00:00:00
YDUQ3,13.91,13.77,13.79,13.96,65732071000,2024-05-15 00:00:00
YDUQ3,13.92,13.89,13.89,14.09,139505465000,2024-05-14 00:00:00
YDUQ3,13.95,14.17,14.18,14.03,36774038000,2024-04-23 00:00:00
YDUQ3,14,14.1,14.16,14.2,71890885000,2024-04-16 00:00:00
YDUQ3,14.03,14.03,14.03,14.1,60153984000,2024-04-19 00:00:00
YDUQ3,14.05,14.03,14.03,14.32,65167671000,2024-04-18 00:00:00
YDUQ3,14.05,14.08,14.11,14.1,43551840000,2024-04-22 00:00:00
YDUQ3,14.1,13.76,13.76,13.75,154489993000,2024-05-23 00:00:00
YDUQ3,14.2,14.3,14.3,14.22,45919798000,2024-04-24 00:00:00
YDUQ3,14.28,14.04,14.07,14.1,57750300000,2024-04-17 00:00:00
YDUQ3,14.3,15.12,15.13,14.75,78830993000,2024-04-25 00:00:00
YDUQ3,14.9,14.23,14.24,14.4,101539175000,2024-04-15 00:00:00
YDUQ3,14.93,15.14,15.2,15.13,46199423000,2024-05-02 00:00:00
YDUQ3,14.99,13.76,13.79,14.02,185433959000,2024-05-13 00:00:00
YDUQ3,15.24,14.59,14.6,14.65,63161067000,2024-04-30 00:00:00
YDUQ3,15.25,15.57,15.58,15.49,59689044000,2024-04-26 00:00:00
YDUQ3,15.51,14.91,14.91,15.12,93911114000,2024-04-12 00:00:00
YDUQ3,15.55,15.35,15.35,15.26,40893802000,2024-04-29 00:00:00
YDUQ3,15.57,16.12,16.12,15.46,94700407000,2024-05-09 00:00:00
YDUQ3,15.73,16.18,16.18,16.06,71297054000,2024-05-03 00:00:00
YDUQ3,16.01,16.07,16.08,15.91,40193305000,2024-05-08 00:00:00
YDUQ3,16.01,16.35,16.39,16.41,73327100000,2024-05-06 00:00:00
YDUQ3,16.12,15.61,15.61,15.77,51802643000,2024-05-10 00:00:00
YDUQ3,16.22,15.73,15.74,15.84,62899508000,2024-04-11 00:00:00
YDUQ3,16.45,16.29,16.3,16.34,40951283000,2024-05-07 00:00:00
YDUQ3,16.67,16.84,16.85,16.75,34027346000,2024-04-08 00:00:00
YDUQ3,16.7,16.65,16.7,16.72,45429727000,2024-04-05 00:00:00
YDUQ3,16.85,16.31,16.33,16.38,63155720000,2024-04-10 00:00:00
YDUQ3,16.91,16.91,16.94,16.84,38345188000,2024-04-09 00:00:00
YDUQ3,17.06,16.71,16.71,16.98,82528295000,2024-04-04 00:00:00
YDUQ3,17.54,16.84,16.85,16.93,104125184000,2024-04-03 00:00:00
YDUQ3,17.63,18.11,18.13,18.04,50803715000,2024-03-28 00:00:00
YDUQ3,17.9,17.55,17.58,17.42,95206858000,2024-04-02 00:00:00
YDUQ3,18.02,17.63,17.63,17.55,121750230000,2024-03-27 00:00:00
YDUQ3,18.18,17.98,17.98,18.29,76245862000,2024-04-01 00:00:00
YDUQ3,18.31,18.99,19,18.94,67974953000,2024-02-06 00:00:00
YDUQ3,18.51,18.32,18.32,18.37,92660911000,2024-02-05 00:00:00
YDUQ3,18.55,18.87,18.9,18.76,85196650000,2024-03-19 00:00:00
YDUQ3,18.59,18.66,18.68,18.75,39472612000,2024-03-25 00:00:00
YDUQ3,18.67,18.02,18.02,18.17,116712682000,2024-03-26 00:00:00
YDUQ3,18.74,18.67,18.69,18.68,35948463000,2024-02-14 00:00:00
YDUQ3,18.74,19.02,19.05,18.9,94645935000,2024-02-08 00:00:00
YDUQ3,18.76,18.59,18.67,18.58,41247202000,2024-03-22 00:00:00
YDUQ3,18.79,19.1,19.17,19.21,91361744000,2024-02-16 00:00:00
YDUQ3,18.8,18.63,18.63,18.67,58605408000,2024-02-15 00:00:00
YDUQ3,18.91,19.3,19.41,18.98,88757352000,2024-03-20 00:00:00
YDUQ3,18.94,19,19,18.98,73389886000,2024-02-07 00:00:00
YDUQ3,18.99,18.76,0,19.01,65633651000,2024-02-09 00:00:00
YDUQ3,19,19.28,19.29,19.27,110487282000,2024-01-31 00:00:00
YDUQ3,19.01,19.27,19.28,19.35,39465403000,2024-02-19 00:00:00
YDUQ3,19.2,19.5,19.52,19.48,55962375000,2024-02-20 00:00:00
YDUQ3,19.25,18.77,18.77,18.77,66823847000,2024-03-21 00:00:00
YDUQ3,19.32,18.41,18.43,18.7,197813703000,2024-03-18 00:00:00
YDUQ3,19.32,19.13,19.16,19.19,66169182000,2024-02-01 00:00:00
YDUQ3,19.44,19.54,19.54,19.34,48054180000,2024-02-21 00:00:00
YDUQ3,19.46,19.67,19.7,19.69,25509303000,2024-02-26 00:00:00
YDUQ3,19.53,19.77,19.78,19.5,63482625000,2024-01-26 00:00:00
YDUQ3,19.59,18.97,18.98,18.9,103263455000,2024-01-30 00:00:00
YDUQ3,19.76,19.88,19.88,19.81,49720176000,2024-02-22 00:00:00
YDUQ3,19.76,20.67,20.74,20.36,85538350000,2024-02-27 00:00:00
YDUQ3,19.79,19.54,19.59,19.69,41279632000,2024-01-29 00:00:00
YDUQ3,19.87,18.49,18.5,18.79,131951211000,2024-02-02 00:00:00
YDUQ3,19.9,19.56,0,19.47,86460727000,2024-02-23 00:00:00
YDUQ3,20.09,20.38,20.4,20.51,43306706000,2024-03-05 00:00:00
YDUQ3,20.2,20.36,20.37,20.27,38761174000,2024-02-29 00:00:00
YDUQ3,20.41,19.52,19.6,20.03,78459992000,2024-01-25 00:00:00
YDUQ3,20.43,20.56,20.57,20.49,39615599000,2024-03-01 00:00:00
YDUQ3,20.43,20.8,20.8,21.15,77643504000,2024-01-05 00:00:00
YDUQ3,20.45,21.01,21.09,20.59,95374823000,2024-01-19 00:00:00
YDUQ3,20.5,20.85,20.85,21.05,107352248000,2024-03-06 00:00:00
YDUQ3,20.55,20.8,20.8,20.64,80908597000,2024-01-17 00:00:00
YDUQ3,20.62,21.02,21.05,21,73640450000,2024-01-08 00:00:00
YDUQ3,20.64,19.14,19.15,19.48,395200251000,2024-03-15 00:00:00
YDUQ3,20.65,19.97,19.97,19.97,41035288000,2024-03-04 00:00:00
YDUQ3,20.66,20.31,20.33,20.51,62812567000,2024-02-28 00:00:00
YDUQ3,20.67,20.79,20.83,20.79,55924724000,2024-01-11 00:00:00
YDUQ3,20.7,21,21.04,20.89,76022695000,2024-01-12 00:00:00
YDUQ3,20.83,20.31,20.37,20.72,48145123000,2024-01-18 00:00:00
YDUQ3,20.88,20.5,20.53,20.55,71760172000,2024-01-04 00:00:00
YDUQ3,20.88,21.11,21.13,20.91,49200195000,2024-01-09 00:00:00
YDUQ3,20.91,21.21,21.22,21.07,49120776000,2024-01-23 00:00:00
YDUQ3,20.94,21.66,21.67,21.32,88193489000,2024-03-07 00:00:00
YDUQ3,20.99,21.31,21.32,21.27,40389163000,2024-01-15 00:00:00
YDUQ3,21.02,20.73,20.73,20.68,69139287000,2024-01-16 00:00:00
YDUQ3,21.02,20.85,20.86,20.96,71649246000,2024-01-22 00:00:00
YDUQ3,21.11,21.56,21.57,21.39,45921582000,2024-03-13 00:00:00
YDUQ3,21.15,20.74,20.75,20.82,47488972000,2024-01-10 00:00:00
YDUQ3,21.2,20.91,20.95,20.85,80864272000,2024-01-03 00:00:00
YDUQ3,21.26,20.42,20.49,20.81,58965232000,2024-01-24 00:00:00
YDUQ3,21.26,21.17,21.2,21.12,35508970000,2024-03-11 00:00:00
YDUQ3,21.32,21.27,21.28,21.15,50546310000,2024-03-12 00:00:00
YDUQ3,21.65,21.21,21.25,21.14,119878536000,2024-03-14 00:00:00
YDUQ3,21.66,21.33,0,21.45,63634549000,2024-03-08 00:00:00
YDUQ3,22.4,21.37,21.38,21.68,52749716000,2024-01-02 00:00:00
